Reference,Nom_Produit,Categorie,Sous_Categorie,Fabricant,Type_OrkMap
SIE 1240 02,Chaise filaire empilable,Chaises,Percussionnistes,R&S,chaise_percu
SIE 1345N,Chaise Orchestra H45cm,Chaises,Percussionnistes,R&S,chaise_standard
SIE 1147N,Chaise Compacte H47cm,Chaises,Percussionnistes,R&S,chaise_standard
SIE 1347N,Chaise Orchestra H47cm,Chaises,Percussionnistes,R&S,chaise_standard
SIE 3010N,Chaise haute fixe percussionniste,Chaises,Percussionnistes,R&S,chaise_haute_percu
SIE 5510N,Chaise multi-réglable assise ronde,Chaises,Percussionnistes,R&S,chaise_percu
SIE 5510NPE,Chaise multi-réglable assise carrée,Chaises,Percussionnistes,R&S,chaise_percu
SIE 8436,Chaise multi-réglages ELISE,Chaises,Percussionnistes,R&S,chaise_percu
SIE 14015,ELISE® UP Chaise multi-réglables,Chaises,Percussionnistes,R&S,chaise_percu
SIE 7866,Chaise haute fixe percussionniste,Chaises,Percussionnistes,R&S,chaise_haute_percu
SIE 14410,AMY LOW Chaise haute réglable assise rectangulaire,Chaises,Percussionnistes,R&S,chaise_haute_percu
SIE 14411,AMY HIGH Chaise haute réglable,Chaises,Percussionnistes,R&S,chaise_haute_percu
SIE 5520N,Chaise percussionniste tournante avec dossier,Chaises,Percussionnistes,R&S,chaise_percu_tournante
SIE 5515N,ELISE Chaise percussionniste multi-réglages,Chaises,Percussionnistes,R&S,chaise_percu
SIE 14336,Chaise OKTAVIA + pupitre Manhasset 48,Chaises,Percussionnistes,R&S/Manhasset,chaise_musicien
SIE 3010NCB,Chaise haute fixe contrebassiste,Chaises,Contrebassiste,R&S,chaise_haute_CB
SIE CR-TN01,Chaise 2 repose-pieds tubulaires contrebassiste,Chaises,Contrebassiste,R&S,chaise_haute_CB
SIE 7867,Chaise haute fixe contrebassiste,Chaises,Contrebassiste,R&S,chaise_haute_CB
SIE 7871,Chaise 2 repose-pieds tubulaires contrebassiste,Chaises,Contrebassiste,R&S,chaise_haute_CB
SIE 3510N,Chaise contrebassiste réglable,Chaises,Contrebassiste,R&S,chaise_haute_CB
SIE 3520N,Chaise contrebassiste tournante,Chaises,Contrebassiste,R&S,chaise_haute_CB
SIE 7865,Chaise haute fixe chef,Chaises,Chef orchestre,R&S,chaise_haute_chef
SIE 7868,Chaise haute multifonctions chef,Chaises,Chef orchestre,R&S,chaise_haute_chef
SIE 14337,Tabouret chef réglable,Chaises,Chef orchestre,R&S,tabouret_chef
SIE 3010NTI,Chaise haute fixe timbalier,Chaises,Timbalier,R&S,chaise_timbalier
SIE 5510NTI,Chaise timbalier tournante réglable assise ronde,Chaises,Timbalier,R&S,chaise_timbalier
SIE 5510NPETI,Chaise timbalier tournante réglable assise carrée,Chaises,Timbalier,R&S,chaise_timbalier
SIE 5520NTI,Chaise timbalier tournante avec dossier,Chaises,Timbalier,R&S,chaise_timbalier
SIE 3510NRE,Chaise régisseur/technicien réglable,Chaises,Régisseur,R&S,chaise_regisseur
SIE 3520NRE,Chaise régisseur tournante,Chaises,Régisseur,R&S,chaise_regisseur
SIE 2210N,Chaise pliante AGIL,Chaises,Pliantes,R&S,chaise_pliante
SIE 2210NX20,Lot 20 chaises AGIL pliantes,Chaises,Pliantes,R&S,chaise_pliante
SIE 2220N,Chaise pliante AGIL avec pupitre,Chaises,Pliantes,R&S,chaise_pliante
SIE 1445N,Chaise 4 pieds empilable H45cm,Chaises,4 pieds,R&S,chaise_standard
SIE 1447N,Chaise 4 pieds empilable H47cm,Chaises,4 pieds,R&S,chaise_standard
SIE 1449N,Chaise 4 pieds empilable H49cm,Chaises,4 pieds,R&S,chaise_standard
SIE BAN01,Banquette piano standard,Chaises,Banquettes,R&S,banquette
SIE BAN02,Banquette piano réglable,Chaises,Banquettes,R&S,banquette
CHR 7118HOU,Housse chariot chaises,Chaises,Accessoires,R&S,accessoire
CHR 5110HOU,Housse chariot chaises,Chaises,Accessoires,R&S,accessoire
CHR 5110 22,Chariot pour 22 chaises orchestre,Chaises,Accessoires,R&S,chariot
CHR 7118 02,Chariot pour chaises hautes,Chaises,Accessoires,R&S,chariot
PUP 0101N,Pupitre pliant compact noir K&M,Pupitres,Pliants,König & Meyer,pupitre
PUP 0102 06,Pupitre pliant compact nickelé K&M,Pupitres,Pliants,König & Meyer,pupitre
PUP 0101G,Pupitre pliant compact gris K&M,Pupitres,Pliants,König & Meyer,pupitre
PUP 0301 06,Pupitre Symphony Manhasset 48,Pupitres,Orchestre,Manhasset,pupitre
PUP 0301BLANC,Pupitre Symphony Manhasset blanc,Pupitres,Orchestre,Manhasset,pupitre
PUP 0302 06,Pupitre Orchestral Manhasset,Pupitres,Orchestre,Manhasset,pupitre
PUP 0401 06,Pupitre Harmony Manhasset,Pupitres,Orchestre,Manhasset,pupitre
PUP 0350,Pupitre Manhasset tromboniste,Pupitres,Spécial,Manhasset,pupitre
PUP 0301-X18+C,Lot 18 pupitres Symphony 48 Manhasset + clips,Pupitres,Lots,Manhasset,pupitre
PUP 0301+CH20+C,Lot 20 pupitres Symphony 48 + chariot + clips,Pupitres,Lots,Manhasset,pupitre
PUP 135F20+PUC,Lot 20 pupitres Voyager + flight case,Pupitres,Lots,Manhasset,pupitre
PUP 1351ETUI,Étui Manhasset 1800 pupitre Voyager,Pupitres,Accessoires,Manhasset,accessoire
PUP 0501N,Pupitre chef R&S éclairage intégré,Pupitres,Chef orchestre,R&S,pupitre_chef
PUP 0502N,Pupitre chef R&S 70x50 embase plate,Pupitres,Chef orchestre,R&S,pupitre_chef
PUP 0503N,Pupitre chef R&S 70x50 embase pliante,Pupitres,Chef orchestre,R&S,pupitre_chef
PUC 0901,Pupitre choriste Manhasset,Pupitres,Spécial,Manhasset,pupitre
PUC 0902,Pupitre FourScore Manhasset,Pupitres,Spécial,Manhasset,pupitre
PUC 1001N,Porte-partition R&S pliable,Pupitres,Accessoires,R&S,accessoire
CHR 1010HOU,Housse chariot 10 pupitres Manhasset,Pupitres,Accessoires,Manhasset,accessoire
CHR 1020HOU,Housse chariot 20 pupitres Manhasset,Pupitres,Accessoires,Manhasset,accessoire
POD 0220 63,Podium direction hêtre verni,Podiums,Chef,R&S,podium_chef
POD 0224 63,Podium direction contreplaqué noir,Podiums,Chef,R&S,podium_chef
POD 0300 63,Podium direction contreplaqué noir pliant (HECTOR),Podiums,Chef,R&S,podium_chef
POD 0270 63,Rehausse 10cm podium direction,Podiums,Chef,R&S,podium_accessoire
POD 0260,Rehausse 10cm podium chef hêtre,Podiums,Chef,R&S,podium_accessoire
POD 0280 63,Planche à roulettes podium + rehausse,Podiums,Chef,R&S,podium_accessoire
POD 0290 02,Housse podium + rehausse,Podiums,Chef,R&S,podium_accessoire
ATT 1010 26,Crochet pour polyblocks avec caoutchouc,Portiques/Supports,Attaches,R&S,attache_percu
ATT 2500 26,Attache triangle pour pied individuel,Portiques/Supports,Attaches,R&S,attache_percu
ATT 2501 26,Attache triangle pied individuel + silenblock,Portiques/Supports,Attaches,R&S,attache_percu
ATT 2510 26,Attache de triangle R&S,Portiques/Supports,Attaches,R&S,attache_percu
ATT 2515 06,Pince à triangle,Portiques/Supports,Attaches,R&S,attache_percu
ATT 2530,Support triangle Cadeson + 2 battes digitales,Portiques/Supports,Attaches,Cadeson,attache_percu
ATT 3000 26,Attache tambour de basque pied individuel,Portiques/Supports,Attaches,R&S,attache_percu
ATT 3010 26,Attache de tambour de basque,Portiques/Supports,Attaches,R&S,attache_percu
ATT 3020 26,Attache cloche mambo sur crochet,Portiques/Supports,Attaches,R&S,attache_percu
ATT 3030 26,Attache piccolo wood block sur crochet,Portiques/Supports,Attaches,R&S,attache_percu
ATT 3040 26,Attache pince multifonctions,Portiques/Supports,Attaches,R&S,attache_percu
ATT 3050 06,Pince multifonctions Yamaha,Portiques/Supports,Attaches,Yamaha,attache_percu
CHS 1010 26,Châssis à 1 niveau,Portiques/Supports,Châssis,R&S,chassis_percu
CHS 1020 26,Châssis à 2 niveaux,Portiques/Supports,Châssis,R&S,chassis_percu
CHS 1030 26,Châssis à 3 niveaux,Portiques/Supports,Châssis,R&S,chassis_percu
CHS 1610 26,Châssis rond pour 4 klaxons,Portiques/Supports,Châssis,R&S,chassis_percu
CHS 6011 06,Châssis Zildjian 1 octave crotales grave,Portiques/Supports,Châssis,Zildjian,chassis_crotales
CHS 6012 06,Châssis Zildjian 1 octave crotales aigu,Portiques/Supports,Châssis,Zildjian,chassis_crotales
CHS 6011N,Châssis luxe noir Zildjian octave grave crotales,Portiques/Supports,Châssis,Zildjian,chassis_crotales
CHS 6012N,Châssis luxe noir Zildjian octave aiguë crotales,Portiques/Supports,Châssis,Zildjian,chassis_crotales
CHS 7500 26,Berceau pour tambour de bois,Portiques/Supports,Châssis,R&S,chassis_percu
PIE 1322 06,Pied de cymbale droit léger,Portiques/Supports,Supports instruments,Générique,pied_cymbale
PIE 1342 06,Pied de cymbale double embase,Portiques/Supports,Supports instruments,Générique,pied_cymbale
PIE 1910 06,Pied de cymbale double embase Yamaha,Portiques/Supports,Supports instruments,Yamaha,pied_cymbale
PIE 1850 06,Pied de cymbale Yamaha double embase,Portiques/Supports,Supports instruments,Yamaha,pied_cymbale
PIE 1650 06,Pied de cymbale Yamaha simple embase léger,Portiques/Supports,Supports instruments,Yamaha,pied_cymbale
PIE 1740 06,Pied de cymbale Yamaha simple embase standard,Portiques/Supports,Supports instruments,Yamaha,pied_cymbale
PIE 1012 06,Arbre à cymbales Zildjian 12 cymbales,Portiques/Supports,Supports instruments,Zildjian,arbre_cymbales
PIE 2745 06,Pied de cymbale perche Yamaha standard,Portiques/Supports,Supports instruments,Yamaha,pied_cymbale_perche
PIE 2965 06,Pied de cymbale perche Yamaha,Portiques/Supports,Supports instruments,Yamaha,pied_cymbale_perche
PIE 2655 06,Pied cymbale perche Yamaha CS655A,Portiques/Supports,Supports instruments,Yamaha,pied_cymbale_perche
PIE 2800 06,Pied cymbale perche Mapex double embase,Portiques/Supports,Supports instruments,Mapex,pied_cymbale_perche
PIE 3500 06,Pied de caisse claire double embase,Portiques/Supports,Supports instruments,Générique,pied_CC
PIE 3600 06,Pied de caisse claire Mapex,Portiques/Supports,Supports instruments,Mapex,pied_CC
PIE 3100 06,Pied de caisse claire Mapex Falcon,Portiques/Supports,Supports instruments,Mapex,pied_CC
PIE 3940 06,Pied caisse claire Yamaha Pro double à rotule,Portiques/Supports,Supports instruments,Yamaha,pied_CC
PIE 4005,Stand individuel Toca réglable pour conga,Portiques/Supports,Supports instruments,Toca,support_conga
PIE 4020,Stand LP bongo,Portiques/Supports,Supports instruments,LP,support_bongo
PIE 4021,Stand LP bongo LP330 court,Portiques/Supports,Supports instruments,LP,support_bongo
PIE 4202 06,Stand en X pour glockenspiel,Portiques/Supports,Supports instruments,Générique,support_glocken
PIE 4205 26,Plateau mousse R&S pour glockenspiel,Portiques/Supports,Trap tables,R&S,plateau_glocken
PIE 4312 06,Stand Remo pour 1-3 rototoms,Portiques/Supports,Supports instruments,Remo,support_rototom
PIE 4400 06,Stand Stagg pour pad avec peau,Portiques/Supports,Supports instruments,Stagg,support_pad
PIE 4622R06,Stand pour 2 boo-bams,Portiques/Supports,Supports instruments,R&S,support_boobam
PIE 4665 06,Stand Yamaha double embase 2 toms concert,Portiques/Supports,Supports instruments,Yamaha,support_tom
PIE 4710,Support Meinl pour chimes,Portiques/Supports,Supports instruments,Meinl,support_chimes
PIE 5301,Tablette grande 365x590mm,Portiques/Supports,Trap tables,R&S,tablette_percu
PIE 5302,Tablette grande avec compartiments baguettes,Portiques/Supports,Trap tables,R&S,tablette_percu
PIE 5303,Tablette petite 365x305mm,Portiques/Supports,Trap tables,R&S,tablette_percu
PRT 0913 26,Châssis pour gongs,Portiques/Supports,Portiques gongs,R&S,portique_gong
PRT 1212 26,Portique gongs/tam-tams petit,Portiques/Supports,Portiques gongs,R&S,portique_gong
PRT 1214 26,Portique gongs/tam-tams grand,Portiques/Supports,Portiques gongs,R&S,portique_gong
PRT 1216 26,Portique tam-tam extra large,Portiques/Supports,Portiques gongs,R&S,portique_tamtam
PRT 1250 26,Portique tam-tam mobile sur roulettes,Portiques/Supports,Portiques gongs,R&S,portique_tamtam
PRT 004R 26,4 roulettes pour portique gongs/tam-tams,Portiques/Supports,Portiques gongs,R&S,accessoire_portique
PED 21200D,Pédale charleston Yamaha HS1200D,Portiques/Supports,Pédales,Yamaha,pedale
PED 7210,Pédale grosse caisse Yamaha FP7210A,Portiques/Supports,Pédales,Yamaha,pedale
