id	ref	cat2	cat3	slug
212	BEL 2027 06	metaux	cloches-clochettes-asiatiques	arbre-de-27-cloches-sur-support
213	BEL 3502 06	metaux	cloches-clochettes-asiatiques	une-paire-de-clochettes-5-cm
306	BNG 0105 06	instruments-peaux	bongos-congas-et-timbales-latines	bongos-meinl-7-pouces-et-8-pouces-peaux-animales
310	BNG LP 201AX2A	instruments-peaux	bongos-congas-et-timbales-latines	bongos-lp-generation-ii-7-pouces-1-4-8-pouces-5-8
313	BNG 7111 06	instruments-peaux	bongos-congas-et-timbales-latines	bongos-sonor-peaux-plastiques
315	BOO 1013 26	instruments-peaux	cooldrums-boobams	boo-bam-6-pouces
574	CAA HER2206	metaux	cymbales	cymbales-sabian-aa-heavy-ride-serie-22-pouces-56-cm
575	CAB 1001 06	instruments-effets	cabassas-guiros-et-kokiriko	cabassa
576	CAB 6001 06	instruments-effets	cabassas-guiros-et-kokiriko	cabassa-lp-modele-grand
618	CAS 0101 06	bois	castagnettes-claves	castagnette-d-etude-sur-manche-aigu
619	CAS 0102 06	bois	castagnettes-claves	castagnette-d-etude-sur-manche-medium
625	CAS 3105 26	bois	castagnettes-claves	castagnette-sur-manche-aigu
626	CAS 3107 26	bois	castagnettes-claves	castagnette-sur-manche-medium
629	CAS 3205 26	bois	castagnettes-claves	castagnette-sur-socle-aigu
630	CAS 3207 26	bois	castagnettes-claves	castagnette-sur-socle-medium
641	CCL LU63 06	instruments-peaux	caisses-claires-pads-tambours	caisse-claire-ludwig-supraphonic-14-pouces-x6-pouces-1-2-fut-metal
642	CCL LU63M06	instruments-peaux	caisses-claires-pads-tambours	caisse-claire-ludwig-supraphonic-14-pouces-x6-pouces-1-2-fut-aluminium-martele
643	CCL LU64 06	instruments-peaux	caisses-claires-pads-tambours	caisse-claire-ludwig-lm411-supra-phonic-super-sensitive-14-6pouces-1-2-fut-aluminium
650	CCL SO41 06	instruments-peaux	caisses-claires-pads-tambours	caisse-claire-sonor-s-class-maple-fut-bois-maple-light
651	CCL SO61 06	instruments-peaux	caisses-claires-pads-tambours	caisse-claire-sonor-designer-fut-bois-maple-light
659	CCL 0011 06	instruments-peaux	caisses-claires-pads-tambours	caisse-claire-linko-d-etude-14-pouces-x5-pouces
681	CEN 1010 06	metaux	cloches-vache-cencerros-cloche-latines	cencerro-6-cm-x-l8-cm
682	CEN 1011 06	metaux	cloches-vache-cencerros-cloche-latines	cencerro-6-cm-l10-cm
683	CEN 1013 06	metaux	cloches-vache-cencerros-cloche-latines	cencerro-7-cm-l12-cm
684	CEN 1015 06	metaux	cloches-vache-cencerros-cloche-latines	cencerro-8-cm-l14-cm
685	CEN 1017 06	metaux	cloches-vache-cencerros-cloche-latines	cencerro-9-cm-l16-cm
686	CEN 1020 06	metaux	cloches-vache-cencerros-cloche-latines	cencerro-9-cm-l19-cm
687	CEN 1023 06	metaux	cloches-vache-cencerros-cloche-latines	cencerro-10-cm-l22-cm
688	CEN 1026 06	metaux	cloches-vache-cencerros-cloche-latines	cencerro-11-cm-l25-cm
689	CEN 1031 06	metaux	cloches-vache-cencerros-cloche-latines	cencerro-13-cm-l30-cm
712	CHM 1836 06	metaux	triangles-chimes	bar-chimes-lp-36-barres-alu
726	CHO 1003 26	bois	chocoblocks-wood-blocks-et-mokubio	chocoblock-rythmes-sons-incassable
769	CIS CI20 06	metaux	cymbales	cymbale-istanbul-agop-china-tradition-20-pouces
771	CIS CI22 06	metaux	cymbales	cymbale-istanbul-agop-china-tradition-22-pouces
797	CIS HH13 06	metaux	cymbales	cymbale-istanbul-agop-hit-hat-heavy-13-pouces
798	CIS HH14 06	metaux	cymbales	cymbale-istanbul-agop-hit-hat-heavy-14-pouces
804	CIS JR20 06	metaux	cymbales	cymbale-istanbul-jazz-ride-20-pouces-51-cm
805	CIS JR22 06	metaux	cymbales	cymbale-istanbul-jazz-ride-22-pouces-56-cm
810	CIS MC16 06	metaux	cymbales	cymbale-istanbul-agop-medium-crash-16-pouces
812	CIS MC18 06	metaux	cymbales	cymbale-istanbul-agop-medium-crash-18-pouces
822	CIS MR20 06	metaux	cymbales	cymbale-istanbul-agop-medium-ride-20-pouces
823	CIS MR21 06	metaux	cymbales	cymbale-istanbul-agop-medium-ride-21-pouces
829	CIS OF14 06	metaux	cymbales	cymbales-d-orchestre-istanbul-agop-14-pouces
831	CIS OF16 06	metaux	cymbales	cymbales-d-orchestre-istanbul-agop-16-pouces
833	CIS OF18 06	metaux	cymbales	cymbales-d-orchestre-istanbul-agop-18-pouces
835	CIS OF20 06	metaux	cymbales	cymbales-d-orchestre-istanbul-agop-20-pouces
856	CIS SP08 06	metaux	cymbales	cymbale-istanbul-agop-splash-8-pouces
857	CIS SP10 06	metaux	cymbales	cymbale-istanbul-agop-splash-10-pouces
858	CIS SP11 06	metaux	cymbales	cymbale-istanbul-agop-splash-11-pouces
863	CIS TC13 06	metaux	cymbales	cymbale-istanbul-agop-thin-crash-13-pouces
865	CIS TC14 06	metaux	cymbales	cymbale-istanbul-agop-thin-crash-14-pouces
867	CIS TC16 06	metaux	cymbales	cymbale-istanbul-agop-thin-crash-16-pouces
869	CIS TC18 06	metaux	cymbales	cymbale-istanbul-thin-crash-18-pouces-46-cm
934	CLV 0001 06	bois	castagnettes-claves	paire-de-claves-wenge-en-bois-dur
935	CLV 2001 06	bois	castagnettes-claves	paire-de-claves-en-palissandre
936	CLV 2002 06	bois	castagnettes-claves	paire-de-claves-en-bois
937	CLV 5001 06	bois	castagnettes-claves	paire-de-claves-en-fibre-de-verre
945	CNG ML MCC11SNT	instruments-peaux	bongos-congas-et-timbales-latines	conga-meinl-marathon-11-pouces-avec-panier
946	CNG ML MCC1134S	instruments-peaux	bongos-congas-et-timbales-latines	conga-meinl-marathon-11-pouces-3-4-avec-panier
947	CNG ML MCC1212S	instruments-peaux	bongos-congas-et-timbales-latines	conga-meinl-marathon-12-pouces-1-2-avec-panier
952	CNG 3101 06	instruments-peaux	bongos-congas-et-timbales-latines	tumba-michel-delaporte-new-habana-frene-12-pouces-1-2
953	CNG 3102 06	instruments-peaux	bongos-congas-et-timbales-latines	conga-michel-delaporte-new-habana-frene-11-pouces-3-4
954	CNG 3103 06	instruments-peaux	bongos-congas-et-timbales-latines	quinto-michel-delaporte-new-habana-frene-10-pouces
983	COW 1201 06	metaux	cloches-vache-cencerros-cloche-latines	cloche-agogo-a-2-cloches
985	COW 2111 06	metaux	cloches-vache-cencerros-cloche-latines	cloche-mambo-l11-5-cm
987	COW 2116 06	metaux	cloches-vache-cencerros-cloche-latines	cloche-mambo-l16-cm
988	COW 2120 06	metaux	cloches-vache-cencerros-cloche-latines	cloche-mambo-l20-cm
989	CPA FR20 06	metaux	cymbales	cymbales-paiste-flat-ride-serie-20-pouces-51-cm
1003	CRE 1001 06	instruments-effets	crecelles-vibraslaps-flexatones	crecelle-attache
1007	CRO 1921 06	metaux	crotales	jeu-de-crotales-paiste-2-octaves-grave-fa6-fa8
1008	CRO 1922 06	metaux	crotales	jeu-de-crotales-paiste-2-octaves-grave-do6-do8
1010	CRO 211A 06	metaux	crotales	crotale-zildjian-grave-la-6
1013	CRO 211AD06	metaux	crotales	crotale-zildjian-grave-la6
1016	CRO 211B 06	metaux	crotales	crotale-zildjian-grave-si6
1019	CRO 211C 06	metaux	crotales	crotale-zildjian-grave-do-6
1022	CRO 211CD06	metaux	crotales	crotale-zildjian-grave-do-6
1025	CRO 211D 06	metaux	crotales	crotale-zildjian-grave-re-6
1028	CRO 211DD06	metaux	crotales	crotale-zildjian-grave-re-6
1031	CRO 211E 06	metaux	crotales	crotale-zildjian-grave-mi-6
1034	CRO 211F 06	metaux	crotales	crotale-zildjian-grave-fa-6
1037	CRO 211FD06	metaux	crotales	crotale-zildjian-grave-fa-6
1040	CRO 211G 06	metaux	crotales	crotale-zildjian-grave-sol-6
1043	CRO 211GD06	metaux	crotales	crotale-zildjian-grave-sol-6
1046	CRO 212A 06	metaux	crotales	crotale-zildjian-aigu-la-7
1049	CRO 212AD06	metaux	crotales	crotale-zildjian-aigu-la-7
1052	CRO 212B 06	metaux	crotales	crotale-zildjian-aigu-si-7
1055	CRO 212C 06	metaux	crotales	crotale-zildjian-aigu-do-7
1058	CRO 212CD06	metaux	crotales	crotale-zildjian-aigu-do-7
1061	CRO 212D 06	metaux	crotales	crotale-zildjian-aigu-re-7
1064	CRO 212DD06	metaux	crotales	crotale-zildjian-aigu-re-7
1067	CRO 212E 06	metaux	crotales	crotale-zildjian-aigu-mi-7
1070	CRO 212F 06	metaux	crotales	crotale-zildjian-aigu-fa-7
1073	CRO 212FD06	metaux	crotales	crotale-zildjian-aigu-fa7
1076	CRO 212G 06	metaux	crotales	crotale-zildjian-aigu-sol-7
1079	CRO 212GD06	metaux	crotales	crotale-zildjian-aigu-sol-7
1082	CRO 213C 06	metaux	crotales	crotale-zildjian-aigu-do-8
1085	CRO 29G442	metaux	crotales	jeu-de-crotales-zildjian-octave-grave-do-do-accord-442
1087	CRO 29A442	metaux	crotales	jeu-de-crotales-zildjian-octave-aigue-do-do-accord-442
1105	CVA 011A 06	metaux	cloches-vache-cencerros-cloche-latines	cloche-a-vache-accordee-contrebasse-la
1106	CVA 011AD06	metaux	cloches-vache-cencerros-cloche-latines	cloche-a-vache-accordee-contrebasse-la
1107	CVA 011B 06	metaux	cloches-vache-cencerros-cloche-latines	cloche-a-vache-accordee-contrebasse-si
1108	CVA 011F 06	metaux	cloches-vache-cencerros-cloche-latines	cloche-a-vache-accordee-contrebasse-fa
1109	CVA 011FD06	metaux	cloches-vache-cencerros-cloche-latines	cloche-a-vache-accordee-contrebasse-fa
1110	CVA 011G 06	metaux	cloches-vache-cencerros-cloche-latines	cloche-a-vache-accordee-contrebasse-sol
1111	CVA 011GD06	metaux	cloches-vache-cencerros-cloche-latines	cloche-a-vache-accordee-contrebasse-sol
1112	CVA 012A 06	metaux	cloches-vache-cencerros-cloche-latines	cloche-a-vache-accordee-basse-la
1113	CVA 012AD06	metaux	cloches-vache-cencerros-cloche-latines	cloche-a-vache-accordee-basse-la
1114	CVA 012B 06	metaux	cloches-vache-cencerros-cloche-latines	cloche-a-vache-accordee-basse-si
1115	CVA 012C 06	metaux	cloches-vache-cencerros-cloche-latines	cloche-a-vache-accordee-basse-do
1116	CVA 012CD06	metaux	cloches-vache-cencerros-cloche-latines	cloche-a-vache-accordee-basse-do
1117	CVA 012D 06	metaux	cloches-vache-cencerros-cloche-latines	cloche-a-vache-accordee-basse-re
1118	CVA 012DD06	metaux	cloches-vache-cencerros-cloche-latines	cloche-a-vache-accordee-basse-re
1119	CVA 012E 06	metaux	cloches-vache-cencerros-cloche-latines	cloche-a-vache-accordee-basse-mi
1120	CVA 012F 06	metaux	cloches-vache-cencerros-cloche-latines	cloche-a-vache-accordee-basse-fa
1121	CVA 012FD06	metaux	cloches-vache-cencerros-cloche-latines	cloche-a-vache-accordee-basse-fa
1122	CVA 012G 06	metaux	cloches-vache-cencerros-cloche-latines	cloche-a-vache-accordee-basse-sol
1123	CVA 012GD06	metaux	cloches-vache-cencerros-cloche-latines	cloche-a-vache-accordee-basse-sol
1124	CVA 013A 06	metaux	cloches-vache-cencerros-cloche-latines	cloche-a-vache-accordee-medium-la
1125	CVA 013AD06	metaux	cloches-vache-cencerros-cloche-latines	cloche-a-vache-accordee-medium-la
1126	CVA 013B 06	metaux	cloches-vache-cencerros-cloche-latines	cloche-a-vache-accordee-medium-si
1127	CVA 013C 06	metaux	cloches-vache-cencerros-cloche-latines	cloche-a-vache-accordee-medium-do
1128	CVA 013CD06	metaux	cloches-vache-cencerros-cloche-latines	cloche-a-vache-accordee-medium-do
1129	CVA 013D 06	metaux	cloches-vache-cencerros-cloche-latines	cloche-a-vache-accordee-medium-re
1130	CVA 013DD06	metaux	cloches-vache-cencerros-cloche-latines	cloche-a-vache-accordee-medium-re
1131	CVA 013E 06	metaux	cloches-vache-cencerros-cloche-latines	cloche-a-vache-accordee-medium-mi
1132	CVA 013F 06	metaux	cloches-vache-cencerros-cloche-latines	cloche-a-vache-accordee-medium-fa
1133	CVA 013FD06	metaux	cloches-vache-cencerros-cloche-latines	cloche-a-vache-accordee-medium-fa
1134	CVA 013G 06	metaux	cloches-vache-cencerros-cloche-latines	cloche-a-vache-accordee-medium-sol
1135	CVA 013GD06	metaux	cloches-vache-cencerros-cloche-latines	cloche-a-vache-accordee-medium-sol
1136	CVA 014A 06	metaux	cloches-vache-cencerros-cloche-latines	cloche-a-vache-accordee-aigue-la
1137	CVA 014AD06	metaux	cloches-vache-cencerros-cloche-latines	cloche-a-vache-accordee-aigue-la
1138	CVA 014B 06	metaux	cloches-vache-cencerros-cloche-latines	cloche-a-vache-accordee-aigue-si
1139	CVA 014C 06	metaux	cloches-vache-cencerros-cloche-latines	cloche-a-vache-accordee-aigue-do
1140	CVA 014CD06	metaux	cloches-vache-cencerros-cloche-latines	cloche-a-vache-accordee-aigue-do
1141	CVA 014D 06	metaux	cloches-vache-cencerros-cloche-latines	cloche-a-vache-accordee-aigue-re
1142	CVA 014DD06	metaux	cloches-vache-cencerros-cloche-latines	cloche-a-vache-accordee-aigue-re
1143	CVA 014E 06	metaux	cloches-vache-cencerros-cloche-latines	cloche-a-vache-accordee-aigue-mi
1144	CVA 014F 06	metaux	cloches-vache-cencerros-cloche-latines	cloche-a-vache-accordee-aigue-fa
1145	CVA 014FD06	metaux	cloches-vache-cencerros-cloche-latines	cloche-a-vache-accordee-aigue-fa
1146	CVA 014G 06	metaux	cloches-vache-cencerros-cloche-latines	cloche-a-vache-accordee-aigue-sol
1147	CVA 014GD06	metaux	cloches-vache-cencerros-cloche-latines	cloche-a-vache-accordee-aigue-sol
1148	CVA 015C 06	metaux	cloches-vache-cencerros-cloche-latines	cloche-a-vache-accordee-aigue-do
1149	CVA 0901 06	metaux	cloches-vache-cencerros-cloche-latines	jeux-chromatique-cloches-a-vache-contrebasse
1150	CVA 0902 06	metaux	cloches-vache-cencerros-cloche-latines	jeux-chromatique-cloches-a-vache-basse
1151	CVA 0903 06	metaux	cloches-vache-cencerros-cloche-latines	jeux-chromatique-cloches-a-vache-medium
1152	CVA 0904 06	metaux	cloches-vache-cencerros-cloche-latines	jeux-chromatique-cloches-a-vache-aigue
1166	CYB 0015 06	metaux	cymbales	cymbalette-chinoise-15-cm
1167	CYB 0017 06	metaux	cymbales	cymbalette-chinoise-6-pouces-1-2
1168	CYB 0018 06	metaux	cymbales	cymbalette-chinoise-7-pouces
1169	CYB 2207 06	metaux	crotales	une-paire-de-crotales-tibetaines-7-cm
1178	CYC 1030 06	metaux	cymbales	cymbale-chinoise-wu-han-12-pouces
1181	CYC 1035 06	metaux	cymbales	cymbale-chinoise-wu-han-14-pouces
1185	CYC 1040 06	metaux	cymbales	cymbale-chinoise-wu-han-16-pouces
1188	CYC 1045 06	metaux	cymbales	cymbale-chinoise-wu-han-18-pouces
1192	CYC 1050 06	metaux	cymbales	cymbale-chinoise-wu-han-20-pouces
1194	CYC 1055 06	metaux	cymbales	cymbale-chinoise-wu-han-22-pouces
1196	CYC 1060 06	metaux	cymbales	cymbale-chinoise-wu-han-24-pouces
1200	CZA SP10 06	metaux	cymbales	cymbales-zildjian-splash-10pouces
1201	CZA SP12 06	metaux	cymbales	cymbale-zildjian-splash-12-pouces-30-cm-avec-pied
1209	CZF 0F18 06	metaux	cymbales	cymbales-d-orchestre-zildjian-francaises-18-pouces
1210	CZF 0F20 06	metaux	cymbales	cymbales-d-orchestre-zildjian-francaises-20-pouces
1211	CZG 0F18 06	metaux	cymbales	cymbales-orchestre-zildjian-symphonic-allemande-d18pouces
1212	CZG 0F20 06	metaux	cymbales	cymbales-orchestre-zildjian-symphonic-allemande-d20pouces
1214	CZK KH14 06	metaux	cymbales	cymbale-de-batterie-zildjian-serie-k-hit-hat-14-pouces
1216	CZK RI20 06	metaux	cymbales	cymbale-de-batterie-zildjian-serie-k-ride-20-pouces
1219	CZV 0F18 06	metaux	cymbales	cymbales-d-orchestre-zildjian-viennoises-18-pouces
1220	CZV 0F20 06	metaux	cymbales	cymbales-d-orchestre-zildjian-viennoises-20-pouces
1223	DAR 7115 06	instruments-peaux	djembes-darboukas-tablas	darbouka-6-pouces-fut-aluminium-lisse
1224	DAR 7117 06	instruments-peaux	djembes-darboukas-tablas	darbouka-7-pouces-fut-aluminium-lisse
1226	DAR 7121 06	instruments-peaux	djembes-darboukas-tablas	darbouka-8-pouces-fut-aluminium-lisse
1237	DJE 1101 06	instruments-peaux	djembes-darboukas-tablas	djembe-meinl-12-pouces-serie-hevea
1797	FLX 0001 06	instruments-effets	crecelles-vibraslaps-flexatones	flexatone-lp-grand-modele
1798	FLX 0002 06	instruments-effets	crecelles-vibraslaps-flexatones	flexatone-lp-standard
1908	FOU 1048 26	instruments-effets	fouet-bois-et-baton-de-pluie	fouet-en-bois-clap-rythmes-sons-grand
1911	FOU 2071 06	instruments-effets	fouet-bois-et-baton-de-pluie	wooden-clap-fouet-a-5-lames-en-hetre
2574	GCC AF32 06	instruments-peaux	grosses-caisses	grosse-caisse-adams-sur-stand-peau-remo-81cm
2575	GCC AF3218HOU	instruments-peaux	grosses-caisses	housse-pour-grosse-caisse-de-concert-adams-fixe-81-cm-32-pouces
2576	GCC AF36 06	instruments-peaux	grosses-caisses	grosse-caisse-adams-sur-stand-peau-remo-91cm
2577	GCC AF3618HOU	instruments-peaux	grosses-caisses	housse-pour-grosse-caisse-de-concert-adams-fixe-91-cm-36-pouces
2578	GCC AS36 06	instruments-peaux	grosses-caisses	grosse-caisse-adams-suspendue-peau-remo-91cm
2579	GCC AS3618HOU	instruments-peaux	grosses-caisses	housse-pour-grosse-caisse-de-concert-adams-suspendue-91cm-36-pouces
2580	GCC AS40 06	instruments-peaux	grosses-caisses	grosse-caisse-adams-suspendue-peau-remo-101cm
2581	GCC AS40A06	instruments-peaux	grosses-caisses	grosse-caisse-adams-suspendue-peau-animale-101cm
2582	GCC AS4018HOU	instruments-peaux	grosses-caisses	housse-pour-grosse-caisse-de-concert-adams-suspendue-101cm-40-pouces
2584	LO GCCCO91	instruments-peaux	grosses-caisses	grosse-caisse-de-concert-capelle-50x91-avec-stand
2676	GOA 0911 06	metaux	gongs-tam-tams	octave-de-gongs-thailandais-oct-basse
2677	GOA 0912 06	metaux	gongs-tam-tams	octave-de-gongs-thailandais-oct-medium
2678	GOA 0913 06	metaux	gongs-tam-tams	octave-de-gongs-thailandais-oct-aigue
2682	GON 0015 06	metaux	gongs-tam-tams	gong-thailandais-14-15-cm
2683	GON 0016 06	metaux	gongs-tam-tams	gong-thailandais-16-17-cm
2685	GON 0018 06	metaux	gongs-tam-tams	gong-thailandais-18-cm
2687	GON 0020 06	metaux	gongs-tam-tams	gong-thailandais-20-21cm
2688	GON 0022 06	metaux	gongs-tam-tams	gong-thailandais-22-23-cm
2690	GON 0025 06	metaux	gongs-tam-tams	gong-thailandais-24-25-cm
2692	GON 0028 06	metaux	gongs-tam-tams	gong-thailandais-28-29cm
2693	GON 0030 06	metaux	gongs-tam-tams	gong-thailandais-30-31-cm
2696	GON 0033 06	metaux	gongs-tam-tams	gong-thailandais-33-cm
2697	GON 0037 06	metaux	gongs-tam-tams	gong-thailandais-36-37-cm
2699	GON 0040 06	metaux	gongs-tam-tams	gong-thailandais-40-41cm
2700	GON 0044 06	metaux	gongs-tam-tams	gong-thailandais-44-45-cm
2701	GON 0045 06	metaux	gongs-tam-tams	gong-thailandais-45-cm
2702	GON 0048 06	metaux	gongs-tam-tams	gong-thailandais-48-cm
2704	GON 0050 06	metaux	gongs-tam-tams	gong-thailandais-50-51cm
2705	GON 0052 06	metaux	gongs-tam-tams	gong-thailandais-52-53-cm
2707	GON 0058 06	metaux	gongs-tam-tams	gong-thailandais-58-59-cm
2708	GON 0060 06	metaux	gongs-tam-tams	gong-thailandais-60-61-cm
2715	GON 3001 46	metaux	gongs-tam-tams	gong-d-opera-chinois-ascendant-aigu
2716	GON 3002 46	metaux	gongs-tam-tams	gong-d-opera-chinois-ascendant-grave
2717	GON 3902 26	metaux	gongs-tam-tams	gongs-d-opera-chinois-ascendants-sur-cadre-aigu-et-grave
2718	GON 4230 06	metaux	gongs-tam-tams	gong-pekinois-descendant-aigu
2719	GON 4231 06	metaux	gongs-tam-tams	gong-pekinois-descendant-grave
2720	GON 4331 06	metaux	gongs-tam-tams	gong-pekinois-descendant-medium
2723	GON 7024 06	metaux	cloches-clochettes-asiatiques	cloche-de-temple-hindou
2727	GRE 1003 06	metaux	grelots	bracelet-de-grelots-3-rangees
2729	GRE 2001 06	metaux	grelots	collier-de-grelots
2732	GRE 3005 06	metaux	grelots	grelots-sur-manche-5-pieces
2733	GRE 3007 06	metaux	grelots	grelots-sur-manche-7-pieces
2734	GRE 3009 06	metaux	grelots	grelots-sur-manche-9-pieces
2736	GRE 3125 06	metaux	grelots	grelots-concert-sur-manche-25-pieces
2739	GUI 0040 06	instruments-effets	cabassas-guiros-et-kokiriko	guiro-bois-vernis-grattoir-40-cm
2742	GUI 5201 06	instruments-effets	cabassas-guiros-et-kokiriko	multi-guiro-lp-peigne
2743	GUI 9000 06	instruments-effets	cabassas-guiros-et-kokiriko	peigne-pour-guiro
2751	HEA BO55 06	instruments-peaux	peaux-de-rechange	peau-animal-lp-bongo-d8pouces-5-8
2752	HEA BO56 06	instruments-peaux	peaux-de-rechange	peau-animal-lp-bongo-d7pouces-1-4
2757	HEA CO12 06	instruments-peaux	peaux-de-rechange	peau-animal-conga-12pouces
2759	HEA CU08 06	instruments-peaux	peaux-de-rechange	peau-animal-lp-cuica-8pouces
2866	HER AL32 06	instruments-peaux	peaux-de-rechange	peau-remo-ambassador-blanche-lisse-grosse-caisse-32-pouces
2867	HER AL36 06	instruments-peaux	peaux-de-rechange	peau-remo-ambassador-blanche-lisse-grosse-caisse-36-pouces
2868	HER AL40 06	instruments-peaux	peaux-de-rechange	peau-remo-ambassador-blanche-lisse-grosse-caisse-40-pouces
2869	HER AS06 06	instruments-peaux	peaux-de-rechange	peau-remo-ambassador-sablee-pour-tom-6-pouces
2870	HER AS08 06	instruments-peaux	peaux-de-rechange	peau-remo-ambassador-sablee-pour-tom-8-pouces
2871	HER AS10 06	instruments-peaux	peaux-de-rechange	peau-remo-ambassador-sablee-pour-tom-10-pouces
2873	HER AS12 06	instruments-peaux	peaux-de-rechange	peau-remo-ambassador-sablee-pour-tom-12-pouces
2875	HER AS13 06	instruments-peaux	peaux-de-rechange	peau-remo-ambassador-sablee-pour-tom-13-pouces
2877	HER AS14 06	instruments-peaux	peaux-de-rechange	peau-remo-ambassador-sablee-pour-tom-14-pouces
2878	HER AS14T06	instruments-peaux	peaux-de-rechange	peau-remo-ambassador-sablee-timbre-pour-tom-14-pouces
2879	HER AS15 06	instruments-peaux	peaux-de-rechange	peau-remo-ambassador-sablee-pour-tom-15-pouces
2880	HER AS15T06	instruments-peaux	peaux-de-rechange	peau-remo-ambassador-sablee-timbre-pour-tom-15-pouces
2881	HER AS16 06	instruments-peaux	peaux-de-rechange	peau-remo-ambassador-sablee-pour-tom-16-pouces
2883	HER AS18 06	instruments-peaux	peaux-de-rechange	peau-remo-ambassador-sablee-grosse-caisse-de-batterie-d18pouces
2885	HER AS20 06	instruments-peaux	peaux-de-rechange	peau-remo-ambassador-sablee-pour-tom-20-pouces
2886	HER AS22 06	instruments-peaux	peaux-de-rechange	peau-remo-ambassador-sablee-pour-tom-22-pouces
2887	HER AS24 06	instruments-peaux	peaux-de-rechange	peau-remo-ambassador-sablee-pour-tom-24-pouces
2889	HER AS32 06	instruments-peaux	peaux-de-rechange	peau-remo-ambassador-sablee-pour-grosse-caisse-32-pouces
2890	HER AS34 06	instruments-peaux	peaux-de-rechange	peau-remo-ambassador-sablee-pour-grosse-caisse-34-pouces
2891	HER AS36 06	instruments-peaux	peaux-de-rechange	peau-remo-ambassador-sablee-pour-grosse-caisse-36-pouces
2892	HER AS40 06	instruments-peaux	peaux-de-rechange	peau-remo-ambassador-sablee-pour-grosse-caisse-40-pouces
2893	HER AT06 06	instruments-peaux	peaux-de-rechange	peau-remo-ambassador-transparente-pour-tom-6-pouces
2894	HER AT08 06	instruments-peaux	peaux-de-rechange	peau-remo-ambassador-transparente-pour-tom-8-pouces
2895	HER AT10 06	instruments-peaux	peaux-de-rechange	peau-remo-ambassador-transparente-pour-tom-10-pouces
2896	HER AT12 06	instruments-peaux	peaux-de-rechange	peau-remo-ambassador-transparente-pour-tom-12-pouces
2897	HER AT13 06	instruments-peaux	peaux-de-rechange	peau-remo-ambassador-transparente-pour-tom-13-pouces
2898	HER AT14 06	instruments-peaux	peaux-de-rechange	peau-remo-ambassador-transparente-pour-tom-14-pouces
2899	HER AT15 06	instruments-peaux	peaux-de-rechange	peau-remo-ambassador-transparente-pour-tom-15-pouces
2900	HER AT16 06	instruments-peaux	peaux-de-rechange	peau-remo-ambassador-transparente-pour-tom-16-pouces
2901	HER AT18 06	instruments-peaux	peaux-de-rechange	peau-remo-ambassador-transparente-pour-tom-18-pouces
2902	HER AT20 06	instruments-peaux	peaux-de-rechange	peau-remo-ambassador-transparente-pour-tom-20-pouces
2903	HER AT22 06	instruments-peaux	peaux-de-rechange	peau-remo-ambassador-transparente-pour-tom-22-pouces
2904	HER AT24 06	instruments-peaux	peaux-de-rechange	peau-remo-ambassador-transparente-pour-tom-24-pouces
2905	HER CS06 06	instruments-peaux	peaux-de-rechange	peau-remo-cs-pour-tom-6-pouces
2906	HER CS08 06	instruments-peaux	peaux-de-rechange	peau-remo-cs-pour-tom-8-pouces
2907	HER CS10 06	instruments-peaux	peaux-de-rechange	peau-remo-cs-pour-tom-10-pouces
2908	HER CS12 06	instruments-peaux	peaux-de-rechange	peau-remo-cs-pour-tom-12-pouces
2909	HER CS13 06	instruments-peaux	peaux-de-rechange	peau-remo-cs-pour-tom-13-pouces
2910	HER CS14 06	instruments-peaux	peaux-de-rechange	peau-remo-cs-pour-tom-14-pouces
2911	HER CS15 06	instruments-peaux	peaux-de-rechange	peau-remo-cs-pour-tom-15-pouces
2912	HER CS16 06	instruments-peaux	peaux-de-rechange	peau-remo-cs-pour-tom-16-pouces
2913	HER CS18 06	instruments-peaux	peaux-de-rechange	peau-remo-cs-pour-tom-18-pouces
2914	HER DS10 06	instruments-peaux	peaux-de-rechange	peau-remo-diplomat-pour-tom-10-pouces
2915	HER DS12 06	instruments-peaux	peaux-de-rechange	peau-remo-diplomat-pour-tom-12-pouces
2916	HER DS13 06	instruments-peaux	peaux-de-rechange	peau-remo-diplomat-pour-tom-13-pouces
2917	HER DS14 06	instruments-peaux	peaux-de-rechange	peau-remo-diplomat-pour-tom-14-pouces
2918	HER DS14T06	instruments-peaux	peaux-de-rechange	peau-remo-diplomat-timbre-pour-tom-14-pouces
2919	HER DS15 06	instruments-peaux	peaux-de-rechange	peau-remo-diplomat-pour-tom-15-pouces
2920	HER DS16 06	instruments-peaux	peaux-de-rechange	peau-remo-diplomat-pour-tom-16-pouces
2924	HER FI11 06	instruments-peaux	peaux-de-rechange	peau-remo-fiberskin-pour-tom-11-pouces
2928	HER FI32 06	instruments-peaux	peaux-de-rechange	peau-remo-fiberskin-pour-grosse-caisse-32-pouces
2929	HER FI36 06	instruments-peaux	peaux-de-rechange	peau-remo-fiberskin-pour-grosse-caisse-36-pouces
2930	HER FI40 06	instruments-peaux	peaux-de-rechange	peau-remo-fiberskin-pour-grosse-caisse-40-pouces
2932	HER PS06 06	instruments-peaux	peaux-de-rechange	peau-remo-pinstripe-ps-pour-tom-6-pouces
2933	HER PS08 06	instruments-peaux	peaux-de-rechange	peau-remo-pin-stripe-ps-pour-tom-8-pouces
2934	HER PS10 06	instruments-peaux	peaux-de-rechange	peau-remo-pinstripe-ps-pour-tom-10-pouces
2935	HER PS12 06	instruments-peaux	peaux-de-rechange	peau-remo-pin-stripe-ps-pour-tom-12-pouces
2936	HER PS12S06	instruments-peaux	peaux-de-rechange	peau-remo-pinstripe-sablee-pour-tom-12-pouces
2937	HER PS13 06	instruments-peaux	peaux-de-rechange	peau-remo-pinstripe-ps-pour-tom-13-pouces
2938	HER PS14 06	instruments-peaux	peaux-de-rechange	peau-remo-pinstripe-ps-pour-tom-14-pouces
2939	HER PS15 06	instruments-peaux	peaux-de-rechange	peau-remo-pinstripe-ps-pour-tom-15-pouces
2940	HER PS16 06	instruments-peaux	peaux-de-rechange	peau-remo-pinstripe-ps-pour-tom-16-pouces
2941	HER PS18 06	instruments-peaux	peaux-de-rechange	peau-remo-pinstripe-ps-pour-tom-18-pouces
2942	HER PS20 06	instruments-peaux	peaux-de-rechange	peau-remo-pinstripe-ps-pour-tom-20-pouces
2943	HER PS22 06	instruments-peaux	peaux-de-rechange	peau-remo-pinstripe-ps-pour-tom-22-pouces
2944	HER PS24 06	instruments-peaux	peaux-de-rechange	peau-remo-pinstripe-ps-pour-tom-24-pouces
2948	HER RE14 06	instruments-peaux	peaux-de-rechange	peau-remo-renaissance-pour-tom-14-pouces
2949	HER RE36 06	instruments-peaux	peaux-de-rechange	peau-remo-renaissance-pour-grosse-caisse-36-pouces
2950	HER RE40 06	instruments-peaux	peaux-de-rechange	peau-remo-renaissance-pour-grosse-caisse-40-pouces
3078	KAL 1009 06	bois	cajons	kalimba-9-lames
3079	KOK 6570 06	instruments-effets	cabassas-guiros-et-kokiriko	kokiriko
3080	KOK 6590 06	instruments-effets	cabassas-guiros-et-kokiriko	kokiriko-instrument-traditionnel-japonais
3597	MOK 1101 06	bois	chocoblocks-wood-blocks-et-mokubio	mokubio-carre-15-cm
3598	MOK 1102 06	bois	chocoblocks-wood-blocks-et-mokubio	mokubio-carre-13-cm
3599	MOK 1103 06	bois	chocoblocks-wood-blocks-et-mokubio	mokubio-carre-11-cm
3639	MRC 0001 06	instruments-effets	shakers-cherekes-et-maracas	maracas-bois-aigue
3640	MRC 0002 06	instruments-effets	shakers-cherekes-et-maracas	maracas-bois-medium
3643	MRC 5001 06	instruments-effets	shakers-cherekes-et-maracas	petite-maracas-aigue
3647	MRC 9010 06	instruments-effets	shakers-cherekes-et-maracas	mini-maracas-club-salsa-plastiques
3832	PAD RT01 06	instruments-peaux	caisses-claires-pads-tambours	boite-de-12-tonegel-wincent
3833	PAD RT02 06	instruments-peaux	caisses-claires-pads-tambours	tampon-silencieux-14-pouces-pour-caisse-claire
3834	PAD RT10 06	instruments-peaux	caisses-claires-pads-tambours	pad-10-pouces-remo-avec-peau
3836	PAD RT08 06	instruments-peaux	caisses-claires-pads-tambours	pad-8-pouces-remo-avec-peau
4270	PLT 1601 26	bois	polyblocks-et-temple-blocks	polyblock-amovible-rythmes-sons-sur-crochet-1er-grand
4271	PLT 1602 26	bois	polyblocks-et-temple-blocks	polyblock-amovible-rythmes-sons-sur-crochet-2e
4272	PLT 1603 26	bois	polyblocks-et-temple-blocks	polyblock-amovible-rythmes-sons-sur-crochet-3e
4273	PLT 1604 26	bois	polyblocks-et-temple-blocks	polyblockamovible-rythmes-sons-sur-crochet-4e
4274	PLT 1605 26	bois	polyblocks-et-temple-blocks	polyblockamovible-rythmes-sons-sur-crochet-5e
4275	PLT 1606 26	bois	polyblocks-et-temple-blocks	polyblockamovible-rythmes-sons-sur-crochet-6e
4282	PLT 9603 26	bois	polyblocks-et-temple-blocks	jeu-de-3-polyblock-amovibles-chassis-1-niveau
4284	PLT 9605 26	bois	polyblocks-et-temple-blocks	jeu-de-5-polyblock-amovibles-chassis-3-niveaux
4285	PLT 9606 26	bois	polyblocks-et-temple-blocks	jeu-de-6-polyblock-amovibles-chassis-3-niveaux
4286	PLT 9703 26	bois	polyblocks-et-temple-blocks	jeu-de-3-polyblock-piccolos-amovibles
4969	QUT 0011 06	metaux	cymbales	poignees-de-cymbales-frappees
4982	RAI 2001 06	instruments-effets	fouet-bois-et-baton-de-pluie	rainmaker-traditionnel-lp
5010	RIN 1070 06	metaux	rins	rin-japonais-en-laiton-7-cm
5011	RIN 1080 06	metaux	rins	rin-japonais-en-laiton-8-cm
5012	RIN 1085 06	metaux	rins	rin-japonais-en-laiton-8-5-cm
5013	RIN 1090 06	metaux	rins	rin-japonais-en-laiton-9-cm
5014	RIN 1105 06	metaux	rins	rin-japonais-en-laiton-10-5
5015	RIN 1120 06	metaux	rins	rin-japonais-en-laiton-12-cm
5016	RIN 1135 06	metaux	rins	rin-japonais-en-laiton-13-5-cm
5017	RIN 1150 06	metaux	rins	rin-japonais-en-laiton-15-cm
5019	RIN 2090 06	metaux	rins	rin-chinois-en-bronze-noir-9-cm
5020	RIN 2105 06	metaux	rins	rin-chinois-en-bronze-noir-10-5
5021	RIN 2120 06	metaux	rins	rin-chinois-en-bronze-noir-12-cm
5022	RIN 2135 06	metaux	rins	rin-chinois-en-bronze-noir-13-5-cm
5023	RIN 2150 06	metaux	rins	rin-chinois-en-bronze-noir-15-cm
5024	RIN 2180 06	metaux	rins	rin-chinois-en-bronze-noir-18-cm
5025	RIN 2210 06	metaux	rins	rin-chinois-en-bronze-noir-21-cm
5105	RTO 0301 06	instruments-peaux	cooldrums-boobams	jeu-de-3-rototoms-avec-stand
5107	RTO 1106 06	instruments-peaux	cooldrums-boobams	rototom-6-pouces-remo
5108	RTO 1108 06	instruments-peaux	cooldrums-boobams	rototom-8-pouces-remo
5109	RTO 1110 06	instruments-peaux	cooldrums-boobams	rototom-10-pouces-remo
5110	RTO 1112 06	instruments-peaux	cooldrums-boobams	rototom-12-pouces-remo
5111	RTO 1114 06	instruments-peaux	cooldrums-boobams	rototom-14-pouces-remo
5136	SHA 1001 06	instruments-effets	shakers-cherekes-et-maracas	soft-shaker-lp-double-shaker
5137	SHA 6101 06	instruments-effets	cabassas-guiros-et-kokiriko	guiro-shaker-torpedo-lp-peigne
5228	SIS 1014 06	metaux	grelots	sistre-grand-modele-14-cymbalettes
5229	SIS 3006 06	metaux	crotales	jingle-sticks-lp-6-cymbalettes
5308	TAM P051 06	metaux	gongs-tam-tams	tam-tam-paiste-51-cm
5309	TAM P061 06	metaux	gongs-tam-tams	tam-tam-paiste-61-cm
5310	TAM P071 06	metaux	gongs-tam-tams	tam-tam-paiste-71-cm
5311	TAM P076 06	metaux	gongs-tam-tams	tam-tam-paiste-76-cm
5312	TAM P081 06	metaux	gongs-tam-tams	tam-tam-paiste-81-cm
5313	TAM P086 06	metaux	gongs-tam-tams	tam-tam-paiste-86-cm
5314	TAM P092 06	metaux	gongs-tam-tams	tam-tam-paiste-92-cm
5315	TAM P096 06	metaux	gongs-tam-tams	tam-tam-paiste-96-cm
5316	TAM P101 06	metaux	gongs-tam-tams	tam-tam-paiste-101-cm
5317	TAM 0040 06	metaux	gongs-tam-tams	tam-tam-chinois-wu-han-40-cm
5318	TAM 0045 06	metaux	gongs-tam-tams	tam-tam-chinois-wu-han-45-cm
5320	TAM 0050 06	metaux	gongs-tam-tams	tam-tam-chinois-wu-han-50-cm
5322	TAM 0055 06	metaux	gongs-tam-tams	tam-tam-chinois-wu-han-55-cm
5323	TAM 0060 06	metaux	gongs-tam-tams	tam-tam-chinois-wu-han-60-cm
5324	TAM 0065 06	metaux	gongs-tam-tams	tam-tam-chinois-wu-han-65-cm
5325	TAM 0070 06	metaux	gongs-tam-tams	tam-tam-chinois-wu-han-70-cm
5326	TAM 0075 06	metaux	gongs-tam-tams	tam-tam-chinois-wu-han-75-cm
5327	TAM 0080 06	metaux	gongs-tam-tams	tam-tam-chinois-wu-han-80-cm
5329	TAM 0090 06	metaux	gongs-tam-tams	tam-tam-chinois-wu-han-90-cm
5330	TAM 0100 06	metaux	gongs-tam-tams	tam-tam-chinois-wu-han-100-cm
5331	TAM 0110 06	metaux	gongs-tam-tams	tam-tam-chinois-wu-han-110-cm
5332	TAM 0120 06	metaux	gongs-tam-tams	tam-tam-chinois-wu-han-120-cm
5333	TAM 0125 06	metaux	gongs-tam-tams	tam-tam-chinois-wu-han-125-cm
5334	TAM 0130 06	metaux	gongs-tam-tams	tam-tam-chinois-wu-han-130-cm
5338	TAM 3055 06	metaux	gongs-tam-tams	tam-tam-chinois-plat-fen-luo-55-cm
5351	TBA 1120 06	instruments-peaux	tambourins-et-hand-drums	tambourin-20-cm-8-pouces-1-rangee-cymb-peau-animale
5352	TBA 1125 06	instruments-peaux	tambourins-et-hand-drums	tambourin-26-cm-10-pouces-1-rangee-cymb-peau-animale
5353	TBA 1225 06	instruments-peaux	tambourins-et-hand-drums	tambourin-26-cm-10-pouces-2-rangees-cymb-peau-animale
5354	TBA 2026 06	instruments-peaux	tambourins-et-hand-drums	tambourin-26-cm-10-pouces-sans-cymb-peau-synthetique
5355	TBA 2125 06	instruments-peaux	tambourins-et-hand-drums	tambourin-26-cm-10-pouces-1-rangee-cymb-peau-synthetique
5359	TBA 4125 06	instruments-peaux	tambourins-et-hand-drums	tambour-basque-d-orchestre-cymbalettes-25
5362	TBA 4225 06	instruments-peaux	tambourins-et-hand-drums	tambour-basque-d-orchestre-cymbalettes-25
5363	TBA 4228 06	instruments-peaux	tambourins-et-hand-drums	tambour-basque-d-orchestre-cymbalettes-28
5365	TBA 5008 06	instruments-peaux	tambourins-et-hand-drums	hand-drum-remo-8-pouces-20-cm
5366	TBA 5010 06	instruments-peaux	tambourins-et-hand-drums	hand-drum-remo-10-pouces-26-cm
5367	TBA 5012 06	instruments-peaux	tambourins-et-hand-drums	hand-drum-remo-12-pouces-31-cm
5368	TBA 5014 06	instruments-peaux	tambourins-et-hand-drums	hand-drum-remo-14-pouces-36-cm
5369	TBA 5022 06	instruments-peaux	tambourins-et-hand-drums	hand-drum-remo-22-pouces-56-cm
5370	TBA 5108 06	instruments-peaux	tambourins-et-hand-drums	tambourin-20-cm-8-pouces-1-rangee-cymb-peau-synthetique
5372	TBA 5208 06	instruments-peaux	tambourins-et-hand-drums	tambourin-20-cm-8-pouces-2-rangees-cymb-peau-synthetique
5373	TBA 5210 06	instruments-peaux	tambourins-et-hand-drums	tambourin-26-cm-10-pouces-2-rangees-cymb-peau-synthetique
5374	TBA 6006 06	instruments-peaux	tambourins-et-hand-drums	tambourin-bresilien-lp
5378	TBA 8016 06	instruments-peaux	tambourins-et-hand-drums	ocean-drum-16-pouces-40-cm
5379	TBA 8022 06	instruments-peaux	tambourins-et-hand-drums	ocean-drum-22-pouces-56-cm
5381	TBB 1120 06	instruments-peaux	tambourins-et-hand-drums	tambourin-20-cm-8-pouces-1-rangee-cymb
5382	TBB 1125 06	instruments-peaux	tambourins-et-hand-drums	tambourin-26-cm-10-pouces-1-rangee-cymb
5383	TBB 1225 06	instruments-peaux	tambourins-et-hand-drums	tambourin-25-cm-10-pouces-2-rangees-cymb
5403	TBI 2001 06	instruments-peaux	djembes-darboukas-tablas	paire-de-tablas-indiens-avec-coussins
5408	TBI 9010 06	instruments-peaux	tambourins-et-hand-drums	dafri
5410	TBO 0102 26	bois	tambours-de-bois	tambour-de-bois-rythmes-sons-standard
5411	TBO 0104 06	bois	tambours-de-bois	tambour-de-bois-padouk-schlagwerk-4-tons
5415	TBO 0110W06	bois	tambours-de-bois	tambour-de-bois-schlagwerk-10-tons
5416	TBO 0304 06	bois	tambours-de-bois	tambour-de-bois-padouk-schlagwerk-petit-4-tons
5417	TBO 0306 06	bois	tambours-de-bois	tambour-de-bois-padouk-schlagwerk-6-tons
5418	TBO 0404 06	bois	tambours-de-bois	tambour-de-bois-schlagwerk-basse-4-tons
5422	CAJ SWCO	bois	cajons	cajon-schlagwerk-2-surfaces-de-jeu
5432	TBO 9102 26	bois	tambours-de-bois	tambour-de-bois-rythmes-sons-grave
5433	TBO 9202 26	bois	tambours-de-bois	tambour-de-bois-rythmes-sons-medium
5434	TBO 9302 26	bois	tambours-de-bois	tambour-de-bois-rythmes-sons-aigu
5452	TCA 0041 06	instruments-peaux	tambourins-et-hand-drums	tambour-sur-cadre-peau-cousue-41
5453	TCA 0046 06	instruments-peaux	tambourins-et-hand-drums	tambour-sur-cadre-peau-cousue-46
5454	TCA 0052 06	instruments-peaux	tambourins-et-hand-drums	tambour-sur-cadre-peau-cousue-52
5479	TEM 4501 06	bois	polyblocks-et-temple-blocks	jeu-de-5-temple-blocks-schlagwerk-stand
5492	TLA 2205 06	instruments-peaux	bongos-congas-et-timbales-latines	timbales-latines-lp-tito-puente-14-pouces-15-pouces-fut-chromees
5493	TLA 3205 06	instruments-peaux	bongos-congas-et-timbales-latines	timbales-latines-lp-tito-puente-14-pouces-15-pouces-fut-cuivrees
5581	TOM 0202 06	instruments-peaux	toms-de-concert	jeu-de-2-toms-8-pouces-10-pouces-avec-pied
5583	TOM 0203R06	instruments-peaux	toms-de-concert	jeu-de-2-toms-10-pouces-12-pouces-avec-pied
5585	TOM 0208 06	instruments-peaux	toms-de-concert	jeu-de-2-toms-15-pouces-16-pouces-avec-pied
5590	TOM 2106R06	instruments-peaux	toms-de-concert	tom-melodique-capelle-une-peau-6-pouces-
5592	TOM 2108R06	instruments-peaux	toms-de-concert	tom-melodique-capelle-une-peau-8-pouces-
5594	TOM 2110R06	instruments-peaux	toms-de-concert	tom-melodique-capelle-une-peau-10-pouces-
5596	TOM 2112R06	instruments-peaux	toms-de-concert	tom-melodique-capelle-une-peau-12-pouces-
5598	TOM 2113R06	instruments-peaux	toms-de-concert	tom-melodique-capelle-une-peau-13-pouces-
5600	TOM 2114R06	instruments-peaux	toms-de-concert	tom-melodique-capelle-une-peau-14-pouces-
5602	TOM 2115R06	instruments-peaux	toms-de-concert	tom-melodique-capelle-une-peau-15-pouces-
5604	TOM 2116R06	instruments-peaux	toms-de-concert	tom-melodique-capelle-une-peau-16-pouces-
5660	TRI 1001 06	metaux	triangles-chimes	batte-de-triangle-obus-rythmes-sons
5661	TRI 1010 06	metaux	triangles-chimes	jeu-de-4-battes-de-triangle-grover-tubulaires-standard-tb-ts
5662	TRI 1020 26	metaux	triangles-chimes	jeu-de-5-battes-de-triangle-rythmes-sons
5664	TRI 2013 06	metaux	triangles-chimes	triangle-d-etude-13-cm-avec-batte
5665	TRI 2015 06	metaux	triangles-chimes	triangle-d-etude-15-cm-avec-batte
5666	TRI 2018 06	metaux	triangles-chimes	triangle-d-etude-18-cm-avec-batte
5667	TRI 2020 06	metaux	triangles-chimes	triangle-d-etude-20-cm-avec-batte
5669	TRI 3015 06	metaux	triangles-chimes	triangle-d-etude-meinl-15-cm-avec-batte
5671	TRI 3020 06	metaux	triangles-chimes	triangle-d-etude-meinl-20-cm-avec-batte
5676	TRI 5010 06	metaux	triangles-chimes	triangle-studio-49-10-cm-avec-batte
5677	TRI 5015 06	metaux	triangles-chimes	triangle-studio-49-15-cm-avec-batte
5678	TRI 5020 06	metaux	triangles-chimes	triangle-studio-49-20-cm-avec-batte
5679	TRI 5025 06	metaux	triangles-chimes	triangle-studio-49-25-cm-avec-batte
5680	TRI 5030 06	metaux	triangles-chimes	triangle-studio-49-30-cm-avec-batte
5681	TRI 6006 06	metaux	triangles-chimes	triangle-grover-super-overtone-15-cm
5682	TRI 6009 06	metaux	triangles-chimes	triangle-grover-super-overtone-23-cm
5683	TRI 6105 06	metaux	triangles-chimes	triangle-grover-bronze-dore-12-cm
5684	TRI 6107 06	metaux	triangles-chimes	triangle-grover-bronze-dore-18-cm
5745	VBR 0111 06	instruments-effets	crecelles-vibraslaps-flexatones	vibraslap-standard-lp
5746	VBR 0112 06	instruments-effets	crecelles-vibraslaps-flexatones	vibraslap-de-luxe-lp
5792	VEN 5800 26	instruments-effets	machine-vent	machine-a-vent
5793	VEN 6101 06	instruments-effets	sifflets-sirene-flute-coulisse	sifflet-samba-lp-3-tons-alu
5794	VEN 6300 06	instruments-effets	sifflets-sirene-flute-coulisse	jazzo-flute
5795	VEN 65147	instruments-effets	sifflets-sirene-flute-coulisse	sirene-a-bouche-acme
5797	VEN 6801 06	instruments-effets	sifflets-sirene-flute-coulisse	sirene-a-manivelle-aigue
5805	VEN 8504 06	instruments-effets	klaxons	klaxons-a-poire-jeu-de-4-notes-accordees
6004	WOO 1101 06	bois	chocoblocks-wood-blocks-et-mokubio	wood-block-schlagwerk-bois-dur-grand
6005	WOO 1102 06	bois	chocoblocks-wood-blocks-et-mokubio	wood-block-schlagwerk-bois-dur-moyen
6006	WOO 1103 06	bois	chocoblocks-wood-blocks-et-mokubio	wood-block-schlagwerk-bois-dur-petit
6335	VBR 0121 06	instruments-effets	crecelles-vibraslaps-flexatones	vibraslap-boule-en-bois
6336	CAB 2001 06	instruments-effets	cabassas-guiros-et-kokiriko	cabassa-stagg-modele-large
6337	VEN 6111 06	instruments-effets	sifflets-sirene-flute-coulisse	sifflet-samba-3-tons-en-plastique
6338	FLX 0011 06	instruments-effets	crecelles-vibraslaps-flexatones	flexatone-standard
6339	GRE 3025 06	metaux	grelots	grelots-sur-manche-25-pieces
6341	TOM 0608 06	instruments-peaux	toms-de-concert	jeu-de-2-toms-6-pouces-et-8-pouces-avec-stand
6342	TOM 1012 06	instruments-peaux	toms-de-concert	jeu-de-2-toms-10-pouces-et-12-pouces-avec-stand
6343	TOM 1314 06	instruments-peaux	toms-de-concert	jeu-de-2-toms-13-pouces-et-14-pouces-avec-stand
6344	TOM 1516 06	instruments-peaux	toms-de-concert	jeu-de-2-toms-15-pouces-et-16-pouces-avec-stand
6345	TOM 4106 06	instruments-peaux	toms-de-concert	tom-concert-yamaha-une-peau-6-pouces-
6346	TOM 4108 06	instruments-peaux	toms-de-concert	tom-concert-yamaha-une-peau-8-pouces-
6347	TOM 4110 06	instruments-peaux	toms-de-concert	tom-concert-yamaha-une-peau-10-pouces-
6348	TOM 4112 06	instruments-peaux	toms-de-concert	tom-concert-yamaha-une-peau-12-pouces-
6349	TOM 4113 06	instruments-peaux	toms-de-concert	tom-concert-yamaha-une-peau-13-pouces-
6350	TOM 4114 06	instruments-peaux	toms-de-concert	tom-concert-yamaha-une-peau-14-pouces-
6351	TOM 4115 06	instruments-peaux	toms-de-concert	tom-concert-yamaha-une-peau-15-pouces-
6352	TOM 4116 06	instruments-peaux	toms-de-concert	tom-concert-yamaha-une-peau-16-pouces-
6354	VEN 854A	instruments-effets	klaxons	klaxon-a-poire-note-la3
6355	VEN 854B	instruments-effets	klaxons	klaxon-a-poire-note-si3
6356	VEN 855C	instruments-effets	klaxons	klaxon-a-poire-note-do4
6357	VEN 855D	instruments-effets	klaxons	klaxon-a-poire-note-re4
6359	BNG 0205 06	instruments-peaux	bongos-congas-et-timbales-latines	bongos-bois-peaux-animales-6-5-pouces-8-pouces
6363	VEN 6201 06	instruments-effets	sifflets-sirene-flute-coulisse	sifflet-arbitre-acme
6364	TRI 6106 06	metaux	triangles-chimes	triangle-grover-bronze-dore-15-cm
6365	TRI 6109 06	metaux	triangles-chimes	triangle-grover-bronze-dore-23-cm
6370	PAC M010 06	metaux	cymbales	pack-d-idiophones-metaux
6371	PAC P010 06	instruments-peaux	sets-instruments-peaux	pack-d-idiophones-peaux
6372	PAC B010 06	bois	sets-instruments-bois	pack-d-idiophones-bois
6373	PAC A010 06	instruments-peaux	sets-instruments-peaux	pack-d-idiophones-accessoires
6375	CHM 5824 06	metaux	grelots	cluster-chimes-lp-24-barres-dorees
6389	CNG 1410 06	instruments-peaux	bongos-congas-et-timbales-latines	paire-de-congas-stagg-10-pouces-11-pouces-paniers-separes
6391	TAM 0085 06	metaux	gongs-tam-tams	tam-tam-chinois-wu-han-d85cm
6394	HER RE06 06	instruments-peaux	peaux-de-rechange	peau-remo-renaissance-pour-tom-6-pouces
6395	HER RE08 06	instruments-peaux	peaux-de-rechange	peau-remo-renaissance-pour-tom-8-pouces
6396	HER RE10 06	instruments-peaux	peaux-de-rechange	peau-remo-renaissance-pour-tom-6-pouces
6397	HER RE12 06	instruments-peaux	peaux-de-rechange	peau-remo-renaissance-pour-tom-12-pouces
6398	HER RE13 06	instruments-peaux	peaux-de-rechange	peau-remo-renaissance-pour-tom-13-pouces
6399	HER RE15 06	instruments-peaux	peaux-de-rechange	peau-remo-renaissance-pour-tom-15-pouces
6400	HER RE16 06	instruments-peaux	peaux-de-rechange	peau-remo-renaissance-pour-tom-16-pouces
6402	CAJ SWLP WU	bois	cajons	cajon-schlagwerk-la-peru
6403	CAJ SWLP HOU	bois	cajons	etui-pour-cajon-la-peru
6404	CAJ SWLP MTD	bois	cajons	manuel-d-instruction-cajon-la-peru-en-anglais-
6490	HER DS06 06	instruments-peaux	peaux-de-rechange	peau-remo-diplomat-pour-tom-6-pouces
6491	HER DS08 06	instruments-peaux	peaux-de-rechange	peau-remo-diplomat-pour-tom-8-pouces
6492	HER DS18 06	instruments-peaux	peaux-de-rechange	peau-remo-diplomat-pour-tom-18-pouces
6493	HER DS20 06	instruments-peaux	peaux-de-rechange	peau-remo-diplomat-pour-tom-20-pouces
6503	CLV 6010 06	bois	castagnettes-claves	ensemble-5-claves-accordees-steve-reich
6619	HER PS06S06	instruments-peaux	peaux-de-rechange	peau-remo-pinstripe-sablee-pour-tom-06-pouces
6621	HER ET12 06	instruments-peaux	peaux-de-rechange	peau-remo-emperor-transparente-pour-tom-12-pouces
6622	HER ET13 06	instruments-peaux	peaux-de-rechange	peau-remo-emperor-transparente-pour-tom-13-pouces
6623	HEE ET18 06	instruments-peaux	peaux-de-rechange	peau-evans-eq3-pour-grosse-caisse-18-pouces
6629	GUI 6010 06	instruments-effets	cabassas-guiros-et-kokiriko	guiro-bois-reco-reco-grand
6630	GUI 6020 06	instruments-effets	cabassas-guiros-et-kokiriko	guiro-bois-reco-reco-moyen
6631	GUI 6030 06	instruments-effets	cabassas-guiros-et-kokiriko	guiro-bois-reco-reco-petit
6632	GUI 6100 06	instruments-effets	cabassas-guiros-et-kokiriko	jeu-de-3-guiros-bois-reco-reco-sur-stand
6634	TCA 5040 06	instruments-peaux	tambourins-et-hand-drums	frame-drum-40-cm-16-pouces
6635	TCA 5050 06	instruments-peaux	tambourins-et-hand-drums	frame-drum-50-cm-20-pouces
6636	TCA 5060 06	instruments-peaux	tambourins-et-hand-drums	frame-drum-60-cm-24-pouces
6754	HEE ET20 06	instruments-peaux	peaux-de-rechange	peau-evans-eq3-pour-grosse-caisse-20-pouces
6756	DAR 6122 06	instruments-peaux	djembes-darboukas-tablas	darbouka-8-pouces-egypte-recouvert-skai
6758	TAM 0095 06	metaux	gongs-tam-tams	tam-tam-chinois-wu-han-d95cm
6777	PLT 9703B26	bois	polyblocks-et-temple-blocks	jeu-de-3-polyblocks-amovibles
6780	CSM 0018 06	metaux	cymbales	cymbale-sabian-d18pouces-molto-symphonic-serie-aa-suspendu
6846	CZA MC16 06	metaux	cymbales	cymbale-de-batterie-zildjian-serie-avedis-medium-thin-crash-16-pouces
6849	BAT YA05 06	instruments-peaux	batteries	batterie-yamaha-junior-kit-modele-manu-katche
6855	CZA HH13 06	metaux	cymbales	cymbale-de-batterie-zildjian-serie-avedis-hit-hat-13-pouces
6856	CZA PR20 06	metaux	cymbales	cymbale-de-batterie-zildjian-serie-avedis-ping-ride-20-pouces
6906	CZK TC15 06	metaux	cymbales	cymbale-de-batterie-zildjian-serie-k-dark-crash-thin-15-pouces-38-cm
6907	CZK TC16 06	metaux	cymbales	cymbale-de-batterie-zildjian-serie-k-thin-crash-16-pouces
6918	TRI 3010 06	metaux	triangles-chimes	triangle-d-etude-meinl-10-cm-avec-batte
6920	CCL YA10 06	instruments-peaux	caisses-claires-pads-tambours	caisse-claire-yamaha-de-formation
6921	CCL YA80 06	instruments-peaux	caisses-claires-pads-tambours	caisse-claire-yamaha-concert-fut-erable
6922	CCL YA81 06	instruments-peaux	caisses-claires-pads-tambours	caisse-claire-yamaha-concert-fut-cuivre
6924	TLA 0010 06	instruments-peaux	bongos-congas-et-timbales-latines	timbales-latines-bsx-13-pouces-14-pouces-sur-stand-fut-metal
6989	CZK TC18 06	metaux	cymbales	cymbale-de-batterie-zildjian-serie-k-thin-crash-18-pouces
7010	HER RE14T06	instruments-peaux	peaux-de-rechange	peau-remo-renaissance-timbre-pour-tom-14-pouces
7011	CLV 0002 06	bois	castagnettes-claves	paire-de-claves-bumbinga-en-bois-dur
7012	RIN 2270 06	metaux	rins	rin-chinois-en-bronze-noir-27-cm
7013	CNG LP M750SAW	instruments-peaux	bongos-congas-et-timbales-latines	conga-lp-11-pouces-serie-matador
7014	CNG LP M752SAW	instruments-peaux	bongos-congas-et-timbales-latines	conga-lp-11-pouces-3-4-serie-matador
7015	CNG LP M754SAW	instruments-peaux	bongos-congas-et-timbales-latines	conga-lp-12-pouces-1-2-serie-matador
7019	RIN 2300 06	metaux	rins	rin-chinois-en-bronze-noir-30-cm
7057	CCL BRJP1412BOG	instruments-peaux	caisses-claires-pads-tambours	caisse-claire-de-concert-brady-14-pouces-x-12-pouces-
7058	CCL BRJP1480BHS	instruments-peaux	caisses-claires-pads-tambours	caisse-claire-de-concert-brady-14-pouces-x-8-pouces-
7059	CCL BRJP1465BBS	instruments-peaux	caisses-claires-pads-tambours	caisse-claire-de-concert-brady-14-pouces-x-6-5-pouces-
7060	CCL BRMP1465MNS	instruments-peaux	caisses-claires-pads-tambours	caisse-claire-brady-marri-ply-14-pouces-x6-pouces-1-2
7061	CCL BRJB1465NS	instruments-peaux	caisses-claires-pads-tambours	caisse-claire-de-concert-brady-14-pouces-x-6-5-pouces-
7062	CCL BRSB1465NS	instruments-peaux	caisses-claires-pads-tambours	caisse-claire-de-concert-brady-14-pouces-x-6-5-pouces-
7064	CCL BRJP1665JNS	instruments-peaux	caisses-claires-pads-tambours	caisse-claire-brady-jarrah-ply-16-pouces-x6-pouces-1-2
7076	TBA 5010A06	instruments-peaux	tambourins-et-hand-drums	hand-drum-cadeson-10-pouces-26-cm-accordable
7077	TBA 5014A06	instruments-peaux	tambourins-et-hand-drums	hand-drum-cadeson-14-pouces-36-cm-accordable
7080	DJE 2012 06	instruments-peaux	djembes-darboukas-tablas	djembe-meinl-serie-headliner-fut-bois
7127	CHM 1890 06	metaux	triangles-chimes	bar-chimes-double-lp-90-barres-alu
7144	TBA 5016 06	instruments-peaux	tambourins-et-hand-drums	hand-drum-16-pouces-40-cm
7146	TBA G208G06	instruments-peaux	tambourins-et-hand-drums	tambourins-grover-8-pouces-20-cm-2-rangees-cymb-german-argent
7147	TBA G210P06	instruments-peaux	tambourins-et-hand-drums	tambourin-grover-10-pouces-25-cm-2-rangees-cymb-phosphor-bronze
7148	TBA G210S06	instruments-peaux	tambourins-et-hand-drums	tambourin-grover-10-pouces-25-cm-2-rangees-cymb-argent-bronze
7149	TBA G210B06	instruments-peaux	tambourins-et-hand-drums	tambourins-grover-10-pouces-25-cm-2-rangees-cymb-berylium-cuivre
7150	TBA G210L06	instruments-peaux	tambourins-et-hand-drums	tambourins-grover-10-pouces-25-cm-2-rangees-cymb-laiton
7152	TBA 5008A06	instruments-peaux	tambourins-et-hand-drums	hand-drum-cadeson-8-pouces-20-cm-accordable
7153	MRC 9020 06	instruments-effets	shakers-cherekes-et-maracas	maracas-plastique-meinl
7154	MRC 0010 06	instruments-effets	shakers-cherekes-et-maracas	maracas-meinl-bois-ovale-multicolore
7155	MRC 0015 06	instruments-effets	shakers-cherekes-et-maracas	maracas-meinl-bois-rond-ambre
7156	PLT 7605 26	bois	polyblocks-et-temple-blocks	jeu-de-5-polyblocks-amovibles-chassis-1-niveau
7157	CSM 0020 06	metaux	cymbales	cymbale-molto-symphonic-d20pouces-sabian
7176	CNG LP 522XAW	instruments-peaux	bongos-congas-et-timbales-latines	conga-lp-11-pouces-serie-classique
7177	CNG LP 559XAW	instruments-peaux	bongos-congas-et-timbales-latines	conga-lp-11-pouces-3-4-serie-classique
7178	CNG LP 552XAW	instruments-peaux	bongos-congas-et-timbales-latines	conga-lp-12-pouces-1-2-serie-classique
7179	GUI 7100 06	instruments-effets	cabassas-guiros-et-kokiriko	guiro-meinl-bois-cylindrique
7180	GUI 7200 06	instruments-effets	cabassas-guiros-et-kokiriko	guiro-meinl-bois-forme-obus
7218	TOM PN306	instruments-peaux	cooldrums-boobams	cool-drum-6-pouces-rythmes-sons-black-edition
7219	TOM BC306	instruments-peaux	cooldrums-boobams	cool-drum-6-pouces-rythmes-sons-wood-edition
7227	CNG CS F828100	instruments-peaux	bongos-congas-et-timbales-latines	paire-de-congas-club-salsa-10-pouces-11-pouces-paniers-separes
7234	DAR 6125 06	instruments-peaux	djembes-darboukas-tablas	darbouka-22-cm-egypte-peint
7295	CZA MC18 06	metaux	cymbales	cymbale-de-batterie-zildjian-serie-avedis-medium-thin-crash-18-pouces
7310	TRI 7151 06	metaux	triangles-chimes	4-triangles-3-battes-sabian-dores-en-etui
7311	TRI 7151M06	metaux	triangles-chimes	4-triangles-3-battes-sabian-dores-marteles-en-etui
7313	CCL CA1453N	instruments-peaux	caisses-claires-pads-tambours	caisse-claire-cadeson-14-5pouces-1-2-sm-series
7314	CCL CA1443N	instruments-peaux	caisses-claires-pads-tambours	caisse-claire-cadeson-14-4pouces-sm-series
7315	TOM 6206 1M	instruments-peaux	toms-de-concert	tom-melodique-cadeson-6-pouces-2-peaux
7316	TOM 6208 1M	instruments-peaux	toms-de-concert	tom-melodique-cadeson-8-pouces-2-peaux
7317	TOM 6210 1M	instruments-peaux	toms-de-concert	tom-melodique-cadeson-10-pouces-2-peaux
7318	TOM 6212 1M	instruments-peaux	toms-de-concert	tom-melodique-cadeson-12-pouces-2-peaux
7319	TOM 6213 1M	instruments-peaux	toms-de-concert	tom-melodique-cadeson-13-pouces-2-peaux
7320	TOM 6214 1M	instruments-peaux	toms-de-concert	tom-melodique-cadeson-14-pouces-2-peaux
7321	TOM 6216 2F	instruments-peaux	toms-de-concert	floor-tom-melodique-cadeson-16-pouces
7322	TOM 6218 2F	instruments-peaux	toms-de-concert	floor-tom-melodique-cadeson-18-pouces
7323	TOM 6224 3B	instruments-peaux	toms-de-concert	tom-basse-melodique-cadeson-24-pouces
7324	TOM 6222 3B	instruments-peaux	toms-de-concert	tom-basse-melodique-cadeson-22-pouces
7325	TOM 6220 3B	instruments-peaux	toms-de-concert	tom-basse-melodique-cadeson-20-pouces
7326	CNG 81110U	instruments-peaux	bongos-congas-et-timbales-latines	conga-cadeson-11-pouces-serie-dr81
7327	CNG 81114U	instruments-peaux	bongos-congas-et-timbales-latines	conga-cadeson-11-pouces-3-4-serie-dr81
7328	CNG 81122U	instruments-peaux	bongos-congas-et-timbales-latines	conga-cadeson-12-pouces-serie-dr81
7329	TBA C1308A	instruments-peaux	tambourins-et-hand-drums	tambourin-cadeson-8-pouces-20-cm-2-rangees-cymb
7330	TBA C1310A	instruments-peaux	tambourins-et-hand-drums	tambourin-cadeson-10-pouces-25-cm-2-rangees-cymb
7331	WOO CGE5231	bois	chocoblocks-wood-blocks-et-mokubio	wood-block-bois-cadeson-petit-modele
7335	TCH C8501	instruments-peaux	djembes-darboukas-tablas	tambours-chinois-cadeson-sur-stand-petit-modele
7336	TCH C8511	instruments-peaux	djembes-darboukas-tablas	tambours-chinois-cadeson-sur-stand-grand-modele
7337	WOO CGE5233	bois	chocoblocks-wood-blocks-et-mokubio	wood-block-bois-cadeson-grand-modele
7339	CCL SO42 06	instruments-peaux	caisses-claires-pads-tambours	caisse-claire-sonor-14-pouces-x-5-pouces-
7343	CSF HHXNSV19	metaux	cymbales	cymbales-sabian-hhx-new-symphonic-viennoise-d19pouces
7344	CSF HHXNSG20	metaux	cymbales	cymbales-sabian-hhx-new-symphonic-germanic-20-pouces
7345	CSF HHXSYH20	metaux	cymbales	cymbales-sabian-hhx-synergy-heavy-20-pouces
7346	CSF HHXSYH21	metaux	cymbales	cymbales-sabian-hhx-synergy-heavy-21-pouces
7347	CSF HHXSYM21	metaux	cymbales	cymbales-sabian-hhx-synergy-medium-21-pouces
7348	PLT 1607 26	bois	polyblocks-et-temple-blocks	polyblockamovible-rythmes-sons-sur-crochet-7e-petit
7350	TEM CGE5451	bois	polyblocks-et-temple-blocks	jeu-de-5-temple-blocks-chinois-cadeson-stand
7351	TEM CGE54W5	bois	polyblocks-et-temple-blocks	jeu-de-5-temple-blocks-cadeson-stand
7354	TOM PNM306	instruments-peaux	cooldrums-boobams	cool-drum-6-pouces-rythmes-sons-black-edition-iron-head
7355	TOM 6214 2F	instruments-peaux	toms-de-concert	floor-tom-melodique-cadeson-14-pouces
7361	RIN 1097 06	metaux	rins	rin-japonais-en-laiton-9-7-cm
7362	TBA 1230 06	instruments-peaux	tambourins-et-hand-drums	tambourin-30-cm-12-pouces-2-rangees-cymb-peau-animale
7363	PED DW5000	instruments-peaux	grosses-caisses	pedale-grosse-caisse-dw5000
7408	CSP HHX1 06	metaux	cymbales	pack-4-cymbales-de-batterie-sabian-serie-hhx
7414	CAB 9001 06	instruments-effets	shakers-cherekes-et-maracas	chekere-avec-perles-plastiques-colorees-et-motif
7419	CCL CAGTE1406	instruments-peaux	caisses-claires-pads-tambours	caisse-claire-cadeson-14x6pouces-master-prestige
7420	CCL CAGBA1465	instruments-peaux	caisses-claires-pads-tambours	caisse-claire-cadeson-14x6pouces-1-2-master-prestige
7421	CCL CAGSP1341	instruments-peaux	caisses-claires-pads-tambours	caisse-claire-cadeson-13x4pouces-1-8-master-prestige
7422	CCL CAGPI1441	instruments-peaux	caisses-claires-pads-tambours	caisse-claire-cadeson-14x4pouces-1-8-master-prestige
7423	CCL CAGSO1451	instruments-peaux	caisses-claires-pads-tambours	caisse-claire-cadeson-14x5pouces-1-8-master-prestige
7424	TBA 5012A06	instruments-peaux	tambourins-et-hand-drums	hand-drum-cadeson-12-pouces-31-cm-accordable
7425	TBA 5016A06	instruments-peaux	tambourins-et-hand-drums	hand-drum-cadeson-16-pouces-40-cm-accordable
7463	TBA G210G06	instruments-peaux	tambourins-et-hand-drums	tambourins-grover-10-pouces-25-cm-2-rangees-cymb-berylium-argent
7464	TRI 1050 06	metaux	triangles-chimes	jeu-de-10-battes-de-triangle-grover-deluxe-tb-d-alloy-303
7491	TBO 0308C06	bois	tambours-de-bois	tambour-de-bois-schlagwerk-8-tons
7492	TBO 0308F06	bois	tambours-de-bois	tambour-de-bois-schlagwerk-8-tons
7553	BNG 0110 06	instruments-peaux	bongos-congas-et-timbales-latines	bongos-tycoon-supremo-7-pouces-8-5-pouces
7554	CSF HHXSYM17	metaux	cymbales	cymbales-sabian-hhx-synergy-medium-17-pouces
7555	CSF HHXSYH17	metaux	cymbales	cymbales-sabian-hhx-synergy-heavy-17-pouces
7563	HER RE18 06	instruments-peaux	peaux-de-rechange	peau-remo-renaissance-pour-tom-18-pouces
7582	CCL YCSM1465A	instruments-peaux	caisses-claires-pads-tambours	caisse-claire-yamaha-concert-csm-1465a-ii-14-6pouces-1-2
7632	HER PS14S06	instruments-peaux	peaux-de-rechange	peau-remo-pinstripe-sablee-pour-tom-14-pouces
7646	VEN 6805 06	instruments-effets	sifflets-sirene-flute-coulisse	sirene-manuelle-avec-manivelle
7685	CCL YCSM1450A	instruments-peaux	caisses-claires-pads-tambours	caisse-claire-yamaha-concert-csm-1450a-ii-14-5pouces
7686	CCL YGSM1450	instruments-peaux	caisses-claires-pads-tambours	caisse-claire-yamaha-grand-symphonic-concert-14-pouces-x5-pouces-erable
7687	CCL YGSR1450	instruments-peaux	caisses-claires-pads-tambours	caisse-claire-yamaha-grand-symphonic-concert-14-pouces-x5-pouces-palissandre-honduras
7813	TOM PN306-X3	instruments-peaux	cooldrums-boobams	jeu-de-3-cool-drum-trio-6-pouces-black-edition
7862	TBA BSTC1	instruments-peaux	tambourins-et-hand-drums	tambourin-black-swamp-d10pouces-26cm-tc1-chrome-bronze
7863	TBA BSTD1	instruments-peaux	tambourins-et-hand-drums	tambourin-black-swamp-d10pouces-26cm-td1-chrome-25
7864	TBA BSTD3	instruments-peaux	tambourins-et-hand-drums	tambourin-black-swamp-d10pouces-26cm-td3-argent
7905	TBA MT2BK	instruments-peaux	tambourins-et-hand-drums	tambourin-meinl-demi-lune-noir-avec-attache
7924	GCC CF2620	instruments-peaux	grosses-caisses	grosse-caisse-de-concert-cadeson-26-pouces-x20-pouces-peau-synthetique
7925	RTO C060810S	instruments-peaux	cooldrums-boobams	jeu-de-3-rototoms-6-pouces-8-pouces-et-10-pouces-cadeson-stand
7926	RTO C1214S	instruments-peaux	cooldrums-boobams	jeu-de-2-rototoms-12-pouces-et-14-pouces-cadeson-stand
7927	RTO C16S	instruments-peaux	cooldrums-boobams	rototom-16-pouces-cadeson-stand
7928	RTO C18S	instruments-peaux	cooldrums-boobams	rototom-18-pouces-cadeson-stand
7956	TBA C10EG	instruments-peaux	tambourins-et-hand-drums	tambourin-cadeson-10-pouces-25-cm-style-egyptien
7957	CHM CBAM16	metaux	triangles-chimes	wind-chimes-bambou-cadeson-16-barres-bambou
7973	PLT CEB6AS	bois	polyblocks-et-temple-blocks	jeu-de-6-ebony-blocks-cadeson-accordes-chassis-2-niveaux
7974	SHA CGE312	instruments-effets	shakers-cherekes-et-maracas	shaker-cadeson-sandwich-cymbalettes-3-niv-cymbalettes
7975	PAC CI11	instruments-peaux	sets-instruments-peaux	pack-d-idiophones-cadeson
7983	TRI C8E	metaux	triangles-chimes	jeu-de-8-battes-de-triangle-cadeson-etui
7984	PAC A010	instruments-peaux	sets-instruments-peaux	pack-d-idiophones-accessoires
7985	PAC B010	bois	sets-instruments-bois	pack-d-idiophones-bois
7986	PAC M010	metaux	cymbales	pack-d-idiophone-metaux
7987	PAC P010	instruments-peaux	sets-instruments-peaux	pack-d-idiophones-peaux
8020	CIS JR20S06	metaux	cymbales	cymbal-istanbul-agop-serie-special-edition-jazz-ride-d20pouces
8021	CIS JR22S06	metaux	cymbales	cymbal-istanbul-agop-serie-special-edition-jazz-ride-22-pouces
8027	MRC 9025 06	instruments-effets	shakers-cherekes-et-maracas	maracas-meinl-plastique
8093	CSF HHXNSV18	metaux	cymbales	cymbales-sabian-hhx-new-symphonic-viennoise-18-pouces
8117	BAZ 8200 NAT	bois	cajons	bazoomba-bois-naturel
8118	BAZ 8200 BLK	bois	cajons	bazoomba-noir
8120	TBA BSTD4	instruments-peaux	tambourins-et-hand-drums	tambourin-black-swamp-d10pouces-26cm-td4-beryllium-cuivre
8133	HER RE20 06	instruments-peaux	peaux-de-rechange	peau-remo-renaissance-pour-tom-20-pouces
8175	TRI 1055 06	metaux	triangles-chimes	jeu-de-6-battes-de-triangle-grover-standard-tb-s-alloy-303
8208	TBI 8227	instruments-peaux	tambourins-et-hand-drums	kanjira-remo-7-pouces-18-cm-accordable
8210	CRO 29G440	metaux	crotales	jeu-de-crotales-zildjian-octave-grave-do-do-accord-en-440
8211	CRO 29A440	metaux	crotales	jeu-de-crotales-zildjian-octave-aigue-do-do-accord-440
8231	GCC YF4022	instruments-peaux	grosses-caisses	grosse-caisse-de-concert-yamaha-40-x-22-modele-cb-840c
8232	GCC YST840C	instruments-peaux	grosses-caisses	stand-a-roulettes-yamaha-pour-grosse-caisse-cb-840c
8237	DAR 6EEZN	instruments-peaux	djembes-darboukas-tablas	darbouka-8-pouces-egyptienne-ethnik-sound-modele-zebre-noir-sable
8238	DAR 6EEEA	instruments-peaux	djembes-darboukas-tablas	darbouka-8-pouces-egyptienne-ethnik-sound-modele-ecaille-antique
8242	CHM 6836S	metaux	triangles-chimes	bar-chimes-sonor-36-barres-laiton-avec-stand
8243	CAJ DGBR RM	bois	cajons	cajon-de-gregorio-modele-bravo-red-makassar
8244	CAJ DGYA RW	bois	cajons	cajon-de-gregorio-modele-yaqui-rosewood
8245	CAJ DGCH BK	bois	cajons	cajon-de-gregorio-modele-chanela-noir
8247	UDU ATS27T	instruments-peaux	djembes-darboukas-tablas	udu-ats-avec-tambour-peau-animale
8248	UDU ATS28CT	instruments-peaux	djembes-darboukas-tablas	udu-ats-avec-cloche-et-tambour
8249	UDU ATS28DCT	instruments-peaux	djembes-darboukas-tablas	udu-ats-double-avec-cloche-et-tambour
8250	UDU ATS38BDC	instruments-peaux	djembes-darboukas-tablas	udu-ats-soucoupe-avec-double-tambour-et-cloche
8286	TAM 0135 06	metaux	gongs-tam-tams	tam-tam-chinois-135-cm
8287	TAM 0140 06	metaux	gongs-tam-tams	tam-tam-chinois-140-cm
8306	GCC YF4022+ST	instruments-peaux	grosses-caisses	grosse-caisse-de-concert-yamaha-40-pouces-x22-pouces-modele-cb-840c-stand-modele-bs840c
8326	TAM 3060 06	metaux	gongs-tam-tams	tam-tam-chinois-plat-fen-luo-60-cm
8337	CYB 2206 06	metaux	crotales	une-paire-de-crotales-tibetaines-6-cm
8338	CYB 2208 06	metaux	crotales	une-paire-de-crotales-tibetaines-7-5-cm
8403	SAM GPAGO03	metaux	cloches-vache-cencerros-cloche-latines	cloche-agogo-a-2-cloches-chrome
8408	TRI 8015 06	metaux	triangles-chimes	triangle-gope-15-cm-avec-batte
8409	TRI 8020 06	metaux	triangles-chimes	triangle-gope-20-cm-avec-batte
8410	TRI 8025 06	metaux	triangles-chimes	triangle-gope-25-cm-avec-batte
8411	TRI 8030 06	metaux	triangles-chimes	triangle-gope-30-cm-avec-batte
8444	TOM YA1H06M	instruments-peaux	toms-de-concert	tom-melodique-yamaha-6-pouces-1-peau
8445	TOM YA1H08M	instruments-peaux	toms-de-concert	tom-melodique-yamaha-8-pouces-1-peau
8446	TOM YA1H10M	instruments-peaux	toms-de-concert	tom-melodique-yamaha-10-pouces-1-peau
8447	TOM YA1H12M	instruments-peaux	toms-de-concert	tom-melodique-yamaha-12-pouces-1-peau
8448	TOM YA1H13M	instruments-peaux	toms-de-concert	tom-melodique-yamaha-13-pouces-1-peau
8449	TOM YA1H14M	instruments-peaux	toms-de-concert	tom-melodique-yamaha-14-pouces-1-peau
8450	TOM YA1H15M	instruments-peaux	toms-de-concert	tom-melodique-yamaha-15-pouces-1-peau
8451	TOM YA1H16M	instruments-peaux	toms-de-concert	tom-melodique-yamaha-16-pouces-1-peau
8465	CSA HHXJR20	metaux	cymbales	cymbale-de-batterie-sabian-serie-hhx-jazz-ride-20-pouces
8501	TBA BSTD2	instruments-peaux	tambourins-et-hand-drums	tambourin-td2-bronze-phospohre-black-swamp-2-rangees-cymbalettes-d10pouces-26cm
8503	LO BOOBAM	instruments-peaux	cooldrums-boobams	boo-bam-6pouces-occasion
8518	CNG 4325 06	instruments-peaux	bongos-congas-et-timbales-latines	tumba-lp-accents-12-pouces-1-2-serie-armando-peraza
8519	CNG 4313 06	instruments-peaux	bongos-congas-et-timbales-latines	tumba-lp-accents-11-pouces-3-4-serie-armando-peraza
8520	CNG 4311 06	instruments-peaux	bongos-congas-et-timbales-latines	tumba-lp-accents-11-pouces-serie-armando-peraza
8521	CNG 4309 06	instruments-peaux	bongos-congas-et-timbales-latines	tumba-lp-accents-9-pouces-3-4-serie-armando-peraza
8557	HEE EMAD222	instruments-peaux	peaux-de-rechange	peau-evans-emad2-grosse-caisse-de-batterie-d22pouces
8584	TRI BSSET1	metaux	triangles-chimes	jeu-de-3-battes-de-triangle-black-swamp
8592	TRI 1060 06	metaux	triangles-chimes	jeu-de-4-battes-de-triangle-grover-tubulaires-deluxe-tb-td
8600	MRC 9030 06	instruments-effets	shakers-cherekes-et-maracas	maracas-lp-plastique
8621	CCL LULB416	instruments-peaux	caisses-claires-pads-tambours	caisse-claire-ludwig-super-sensitive-14-pouces-x5-pouces
8710	BNG LP 202AW	instruments-peaux	bongos-congas-et-timbales-latines	triple-bongos-lp-generation-iii-5-pouces-1-2-7-pouces-1-4-9-pouces
8712	CSA ART18	metaux	cymbales	cymbale-suspendue-sabian-pour-orchestre-serie-artisan-18-pouces-46-cm
8713	CSA ART16	metaux	cymbales	cymbale-suspendue-sabian-pour-orchestre-serie-artisan-16-pouces-41-cm
8717	GON 0021 06	metaux	gongs-tam-tams	gong-thailandais-21-cm
8718	GON 0024 06	metaux	gongs-tam-tams	gong-thailandais-24-cm
8720	GON 0036 06	metaux	gongs-tam-tams	gong-thailandais-36-cm
8721	GON 0039 06	metaux	gongs-tam-tams	gong-thailandais-39-cm
8722	GON 0042 06	metaux	gongs-tam-tams	gong-thailandais-42-cm
8723	GON 0051 06	metaux	gongs-tam-tams	gong-thailandais-61-cm
8748	TRI BCH S30	metaux	triangles-chimes	jeu-de-3-paires-de-battes-de-triangle-chalklin-laiton
8749	TRI BCH S30A	metaux	triangles-chimes	jeu-de-4-paires-de-battes-de-triangle-chalklin-laiton
8750	TRI BCH E26	metaux	triangles-chimes	jeu-de-3-paires-de-battes-de-triangle-chalklin-acier
8751	TRI BCH E26A	metaux	triangles-chimes	jeu-de-4-paires-de-battes-de-triangle-chalklin-acier
8755	PAC CI10	instruments-peaux	sets-instruments-peaux	pack-d-idiophones-cadeson
8769	TAM P056 06	metaux	gongs-tam-tams	tam-tam-paiste-56-cm
8770	TAM P066 06	metaux	gongs-tam-tams	tam-tam-paiste-66-cm
8809	CSF HHXSYH18	metaux	cymbales	cymbales-sabian-hhx-synergy-heavy-18-pouces
8843	PAC ET05	instruments-peaux	caisses-claires-pads-tambours	pack-etudiant
8844	TOM CAG11005	instruments-peaux	toms-de-concert	tom-melodique-cadeson-gigogne-10-pouces-x5-pouces
8845	TOM CAG11205	instruments-peaux	toms-de-concert	tom-melodique-cadeson-gigogne-12-pouces-x5-pouces
8846	TOM CAG11405	instruments-peaux	toms-de-concert	tom-melodique-cadeson-gigogne-14-pouces-x5-pouces
8847	TOM CAG11605	instruments-peaux	toms-de-concert	tom-melodique-cadeson-gigogne-16-pouces-x5-pouces
8848	TOM CAG11808	instruments-peaux	toms-de-concert	tom-melodique-cadeson-gigogne-18-pouces-x8-pouces
8849	TOM CAG12208	instruments-peaux	toms-de-concert	tom-melodique-cadeson-gigogne-22-pouces-x8-pouces
8878	TOM 62FJ3 1418	instruments-peaux	toms-de-concert	jeu-de-3-floor-toms-melodique-cadeson-14-pouces-16-pouces-et-18-pouces
8879	TOM 62BJ2 2022	instruments-peaux	toms-de-concert	jeu-de-2-toms-basses-melodique-cadeson-20-pouces-et-22-pouces
8882	CSF AAORCV18	metaux	cymbales	cymbales-sabian-aa-orchestre-viennoise-18-pouces-46-cm
8883	CSA HHXSUS18	metaux	cymbales	cymbale-suspendue-sabian-pour-orchestre-serie-hhx-18-pouces-46-cm
8884	HER PS10S06	instruments-peaux	peaux-de-rechange	peau-remo-pinstripe-sablee-pour-tom-10-pouces
8885	HER PS13S06	instruments-peaux	peaux-de-rechange	peau-remo-pinstripe-sablee-pour-tom-13-pouces
8886	HER PS16S06	instruments-peaux	peaux-de-rechange	peau-remo-pinstripe-sablee-pour-tom-16-pouces
8887	HER PS20G06	instruments-peaux	peaux-de-rechange	peau-remo-pinstripe-transparente-pour-grosse-caisse-20-pouces
8888	HER PS22G06	instruments-peaux	peaux-de-rechange	peau-remo-pinstripe-transparente-pour-grosse-caisse-22-pouces
9059	CIS PXIST4B	metaux	cymbales	pack-de-cymbales-istanbul-xist
9062	DJE 21125	instruments-peaux	djembes-darboukas-tablas	djembe-meinl-12-pouces-serie-headliner
9063	GCC AS4018RH	instruments-peaux	grosses-caisses	grosse-caisse-de-concert-adams-40-pouces-x18-pouces-peau-synthetique-reglable
9078	GCC AS3618RH	instruments-peaux	grosses-caisses	grosse-caisse-de-concert-adams-36-pouces-x18-pouces-peau-synthetique
9080	TOM YA2H06M	instruments-peaux	toms-de-concert	tom-melodique-yamaha-serie-ct-9000-2-peaux-6-6pouces-1-2
9081	TOM YA2H08M	instruments-peaux	toms-de-concert	tom-melodique-yamaha-serie-ct-9000-2-peaux-8-8pouces
9082	TOM YA2H10M	instruments-peaux	toms-de-concert	tom-melodique-yamaha-serie-ct-9000-2-peaux-10-9pouces
9083	TOM YA2H12M	instruments-peaux	toms-de-concert	tom-melodique-yamaha-serie-ct-9000-2-peaux-12-10pouces
9084	TOM YA2H13M	instruments-peaux	toms-de-concert	tom-melodique-yamaha-serie-ct-9000-2-peaux-13-10pouces1-2
9085	TOM YA2H14M	instruments-peaux	toms-de-concert	tom-melodique-yamaha-serie-ct-9000-2-peaux-14-11pouces
9086	TOM YA2H15M	instruments-peaux	toms-de-concert	tom-melodique-yamaha-serie-ct-9000-2-peaux-15-11pouces1-2
9087	TOM YA2H16M	instruments-peaux	toms-de-concert	tom-melodique-yamaha-serie-ct-9000-2-peaux-16-12pouces
9088	TAM P127 06	metaux	gongs-tam-tams	tam-tam-paiste-d127cm
9089	TAM P152 06	metaux	gongs-tam-tams	tam-tam-paiste-d152cm
9102	GCC AF3618RH	instruments-peaux	grosses-caisses	grosse-caisse-de-concert-adams-36-pouces-x18-pouces-peau-synthetique
9125	CAB 6005 06	instruments-effets	cabassas-guiros-et-kokiriko	cabassa-lp-modele-standard
9126	CAB 6004 06	instruments-effets	cabassas-guiros-et-kokiriko	cabassa-lp-modele-deluxe
9129	BNG ML MHB100NT	instruments-peaux	bongos-congas-et-timbales-latines	paire-de-bongos-meinl-headliner-6-pouces-3-4-8-pouces
9130	BNG ML HB50BK	instruments-peaux	bongos-congas-et-timbales-latines	paire-de-bongos-meinl-headliner-6-pouces-1-2-7-pouces-1-2
9134	GCC AF4018RH	instruments-peaux	grosses-caisses	grosse-caisse-de-concert-adams-40-pouces-x18-pouces-peau-synthetique
9135	GCC AF2818RH	instruments-peaux	grosses-caisses	grosse-caisse-de-concert-adams-28-18pouces-peau-synthetique
9136	GCC AF3218RH	instruments-peaux	grosses-caisses	grosse-caisse-de-concert-adams-32-pouces-x18-pouces-peau-synthetique
9141	PLT AD9ASB	bois	polyblocks-et-temple-blocks	jeu-de-9-temple-blocks-adams-accordes
9189	DAR 6EEVC	instruments-peaux	djembes-darboukas-tablas	darbouka-egyptienne-ethnik-sound-aluminium-22-cm-modele-vinyl-couleur-creme
9191	GCC AS4018ARH	instruments-peaux	grosses-caisses	grosse-caisse-de-concert-adams-40-pouces-x18-pouces-peau-animale-reglable
9192	PAC 1CYC001	metaux	triangles-chimes	pack-1er-cycle
9193	PAC 1CYC002	metaux	triangles-chimes	pack-1er-cycle-darbouka
9194	PAC 2CYC001	instruments-peaux	bongos-congas-et-timbales-latines	pack-2eme-cycle
9219	GUI 7300 06	instruments-effets	cabassas-guiros-et-kokiriko	guiro-meinl-fibre-forme-obus
9361	BAT YASCB20	instruments-peaux	batteries	batterie-yamaha-stage-custom-birch-20-pouces
9434	HER ET08 06	instruments-peaux	peaux-de-rechange	peau-remo-emperor-transparentepour-tom-8-pouces
9435	HER ET10 06	instruments-peaux	peaux-de-rechange	peau-remo-emperor-transparente-pour-tom-10-pouces
9436	HER ET14 06	instruments-peaux	peaux-de-rechange	peau-remo-emperor-transparente-pour-tom-14-pouces
9437	HER ET16 06	instruments-peaux	peaux-de-rechange	peau-remo-emperor-transparente-pour-tom-16-pouces
9438	HER ET18 06	instruments-peaux	peaux-de-rechange	peau-remo-emperor-transparente-pour-tom-18-pouces
9440	HER PS08S06	instruments-peaux	peaux-de-rechange	peau-remo-pinstripe-sablee-pour-tom-08-pouces
9441	HER PS18S06	instruments-peaux	peaux-de-rechange	peau-remo-pinstripe-sablee-pour-tom-18-pouces
9478	TCA 0005	instruments-peaux	tambourins-et-hand-drums	jeu-de-5-tambours-sur-cadre-cousue
9479	TCA 0010	instruments-peaux	tambourins-et-hand-drums	jeu-de-4-tambours-sur-cadre-cousue
9526	CCL LUBM5514	instruments-peaux	caisses-claires-pads-tambours	caisse-claire-ludwig-black-magic-fut-cuivre-anodise-14-pouces-x-5-5-pouces
9528	BAT GRCA803	instruments-peaux	batteries	batterie-catalina-club-jazz-18pouces
9529	CZP ZHT390	metaux	cymbales	jeu-de-cymbales-zildjian-zht
9542	RAI MPRORS1	instruments-effets	fouet-bois-et-baton-de-pluie	baton-de-pluie-meinl-bambou-120-cm
9543	TBA MT1BK	instruments-peaux	tambourins-et-hand-drums	tambourin-meinl-headliner-demi-lune-noir
9544	BNG LP M201ABW	instruments-peaux	bongos-congas-et-timbales-latines	paire-de-bongos-lp-matador-7-pouces-1-4-8-pouces-5-8
9545	SHA 5101 06	instruments-effets	shakers-cherekes-et-maracas	lot-de-4-shaker-oeufs-meinl
9546	SHA 1005 06	instruments-effets	shakers-cherekes-et-maracas	shaker-lp-shake-it-metal
9547	DJE 3037	instruments-peaux	djembes-darboukas-tablas	djembe-africain-kangaba-grand-modele
9548	DJE 3030	instruments-peaux	djembes-darboukas-tablas	djembe-africain-kangaba-moyen-modele
9549	DJE 3023	instruments-peaux	djembes-darboukas-tablas	djembe-africain-kangaba-petit-modele
9571	CCL PE1412DEF	instruments-peaux	caisses-claires-pads-tambours	caisse-claire-pearl-de-defile-14-pouces-x12-pouces
9578	HER PS18G06	instruments-peaux	peaux-de-rechange	peau-remo-pinstripe-transparente-pour-grosse-caisse-18-pouces
9592	TOM CAG-PAC1	instruments-peaux	toms-de-concert	jeu-6-toms-melodique-cadeson-chassis-attaches
9671	CCL SO515PA	instruments-peaux	caisses-claires-pads-tambours	caisse-claire-sonor-14-pouces-x6-pouces-1-2
9688	CNG 3104 06	instruments-peaux	bongos-congas-et-timbales-latines	super-quinto-michel-delaporte-new-habana-frene-9-pouces-3-4
9779	CSC OS20K	metaux	cymbales	cymbale-zildjian-constantinople-20pouces
9781	TRI SAM6B8H	metaux	triangles-chimes	triangle-sabian-6pouces-15cm-b8-hh-martele-dore
9782	TRI SAM5B8H	metaux	triangles-chimes	triangle-sabian-5pouces-13cm-b8-hh-martele-dore
9787	CSA HHXSME19	metaux	cymbales	cymbales-sabian-hhx-d19pouces-synergy-medium-11994xbm
9812	CSC OS18K	metaux	cymbales	cymbale-zildjian-constantinople-18pouces
9819	GCC AS3222RH	instruments-peaux	grosses-caisses	adams-2bdiif3222-grosse-caisse-de-concert-reglable-32-22pouces-peau-synthetique
9824	WOO 2007	bois	chocoblocks-wood-blocks-et-mokubio	wood-block-bois-grover-7-pouces
9825	WOO 2008	bois	chocoblocks-wood-blocks-et-mokubio	wood-block-bois-grover-8-pouces
9826	WOO 2009	bois	chocoblocks-wood-blocks-et-mokubio	wood-block-bois-grover-9-pouces
9827	WOO 2010	bois	chocoblocks-wood-blocks-et-mokubio	wood-block-bois-grover-10-pouces
9828	SHA SHKSM	instruments-effets	shakers-cherekes-et-maracas	shaker-grover-vert
9829	SHA SHKGV	instruments-effets	shakers-cherekes-et-maracas	shaker-grover-orange
9830	SHA SHKAC	instruments-effets	shakers-cherekes-et-maracas	shaker-grover-bleu
9831	TBA GP210HS	instruments-peaux	tambourins-et-hand-drums	tambourin-grover-10-pouces-25-cm-2-rangees-cymb-argent-hybride
9885	CNG LP LPA647	instruments-peaux	bongos-congas-et-timbales-latines	paire-de-conga-lp-lpa647-aw-aspire-11-12pouces
9935	GCC AF4018HOU	instruments-peaux	grosses-caisses	housse-adams-4trhnbdv40-grosse-caisse-de-concert-adams-suspendue-40-18pouces
9975	GCC AF3622RH	instruments-peaux	grosses-caisses	grosse-caisse-de-concert-adams-36-22pouces-peau-synthetique
9976	GCC AF3622HOU	instruments-peaux	grosses-caisses	housse-grosse-caisse-de-concert-adams-fixe-d91cm-36pouces
10079	COW PECB23	metaux	cloches-vache-cencerros-cloche-latines	cloche-agogo-pearl-ecb23
10085	TAH FFXPMD1412	instruments-peaux	caisses-claires-pads-tambours	tambour-militaire-pearl-ffxpmd-14-12pouces
10164	GCC AS4022HOU	instruments-peaux	grosses-caisses	housse-adams-4trhnbdh40-grosse-caisse-de-concert-adams-suspendue-40-22pouces
10254	GCC C100+PIE	instruments-peaux	grosses-caisses	grosse-caisse-de-concert-capelle-50x100-avec-stand-peau-synthetique
10281	BAT PLEXX705NBR	instruments-peaux	batteries	batterie-pearl-export-20pouces
10283	TBA 1130 06	instruments-peaux	tambourins-et-hand-drums	tambourin-d12pouces-30cm-1-rangee-cymbalettes-peau-animale
10354	DAR 63000	instruments-peaux	djembes-darboukas-tablas	darbouka-egyptienne-8-pouces-meinl
10377	TAM 3080 06	metaux	gongs-tam-tams	tam-tam-chinois-plat-fen-luo-d80cm
10489	CNG 1415 06	instruments-peaux	bongos-congas-et-timbales-latines	paire-de-congas-d10-11pouces-stagg
10533	TRI SAM10B8H	metaux	triangles-chimes	triangle-sabian-10pouces-25cm-b8-hh-martele-dore
10542	PAC CI08	instruments-peaux	sets-instruments-peaux	pack-idiophones-cadeson
10662	TAP 0010	instruments-peaux	batteries	tapis-de-batterie-drum-base-dnb-180x140cm
10746	HEA CC1100	instruments-peaux	peaux-de-rechange	peau-animal-cadeson-conga-d11pouces
10747	HEA CC1134	instruments-peaux	peaux-de-rechange	peau-animal-cadeson-conga-d11pouces-3-4
10748	HEA CC1205	instruments-peaux	peaux-de-rechange	peau-animal-cadeson-conga-d12pouces-1-2
10794	CZO PML20	metaux	cymbales	cymbales-zildjian-classic-orcherstral-20pouces
10797	TRI SAM7B8H	metaux	triangles-chimes	triangle-sabian-7pouces-18cm-b8-hh-martele-dore
10798	TRI SAM8B8H	metaux	triangles-chimes	triangle-sabian-8pouces-20cm-b8-hh-martele-dore
10914	PLW LP1205	bois	polyblocks-et-temple-blocks	jam-blocks-lp-bleu-lp1204
10915	PLW LP1207	bois	polyblocks-et-temple-blocks	jam-blocks-lp-rouge-lp1207
10925	GCC AS4022RH	instruments-peaux	grosses-caisses	grosse-caisse-de-concert-reglable-40-22pouces-adams-2bdiif4022-peau-synthetique
10942	PED DW3000	instruments-peaux	grosses-caisses	pedale-grosse-caisse-dw3000
10962	LO CDNREMO	instruments-peaux	cooldrums-boobams	cooldrum-6pouces-rythmes-sons-black-edition
10964	GCC AS3622RH	instruments-peaux	grosses-caisses	grosse-caisse-de-concert-reglable-36-22pouces-adams-2bdiif3622-peau-synthetique
10973	CZC OF20K	metaux	cymbales	cymbales-zildjian-constantinople-d20pouces
11025	CCL EUSD1455	instruments-peaux	caisses-claires-pads-tambours	caisse-claire-capelle-14-5pouces-1-2
11026	CCL EUSD14KIT	instruments-peaux	caisses-claires-pads-tambours	caisse-claire-capelle-14-5pouces-1-2-pied-housse
11194	TLA 0015 06	instruments-peaux	bongos-congas-et-timbales-latines	timbales-latines-lp-aspire-lpa256-13-14pouces-sur-stand-fut-acier
11196	GCC AF2822HOU	instruments-peaux	grosses-caisses	housse-adams-4trhnbdvh28-grosse-caisse-de-concert-adams-fixe-22-22pouces
11245	HER ES101214	instruments-peaux	peaux-de-rechange	pack-peaux-remo-emperor-sablee-caisse-claire-tom-d10-12pouces-14pouces
11246	HER ET101214	instruments-peaux	peaux-de-rechange	pack-peaux-remo-emperor-transparente-caisse-claire-tom-d10-12pouces-14pouces
11247	HER AS101214	instruments-peaux	peaux-de-rechange	pack-peaux-remo-ambassador-sablee-caisse-claire-tom-d10-12pouces-14pouces
11248	HER AS121316	instruments-peaux	peaux-de-rechange	pack-peaux-remo-ambassador-sablee-caisse-claire-tom-d12-13pouces-16pouces
11249	HER PT101214	instruments-peaux	peaux-de-rechange	pack-peaux-remo-pinstripe-transparente-caisse-claire-tom-d10-12pouces-14pouces
11250	HER PT121316	instruments-peaux	peaux-de-rechange	pack-peaux-remo-pinstripe-transparente-caisse-claire-tom-d12-13pouces-16pouces
11272	TCA 5045 06	instruments-peaux	tambourins-et-hand-drums	frame-drum-d17pouces-3-4-45cm
11305	TBA GP210L	instruments-peaux	tambourins-et-hand-drums	tambourin-grover-sx-br-d10pouces-25cm-laiton
11335	CLV 0005	bois	castagnettes-claves	paire-de-claves-schlagwerk-acacia-d25mm
11351	CCL PE1450S	instruments-peaux	caisses-claires-pads-tambours	caisse-claire-pearl-sensitone-14x5pouces
11440	TAP 0100	instruments-peaux	batteries	tapis-de-batterie-stagg-scadru1815-lite-180x150cm
11462	CRO S50303L	metaux	crotales	jeu-de-crotales-sabian-grave
11463	CRO S50303H	metaux	crotales	jeu-de-crotales-sabian-aigu
11481	WOO SWB822S	bois	chocoblocks-wood-blocks-et-mokubio	woodblock-schlagwerk-symphonic-series-aigu
11482	WOO SWB825S	bois	chocoblocks-wood-blocks-et-mokubio	woodblock-schlagwerk-symphonic-series-medium
11483	WOO SWB828S	bois	chocoblocks-wood-blocks-et-mokubio	woodblock-schlagwerk-symphonic-series-grave
11484	WOO SWB823	bois	chocoblocks-wood-blocks-et-mokubio	jeu-de-3-woodblock-schlagwerk-symphonic-series
11519	PLW LP1204	bois	polyblocks-et-temple-blocks	jam-blocks-lp-orange-lp1204
11559	GOA 0914 06	metaux	gongs-tam-tams	octave-suraigu-de-gongs-thailandais
11570	TAH DR331-14	instruments-peaux	caisses-claires-pads-tambours	tambour-militaire-cadeson-dr331-14-14-12pouces
11596	ETU PG231600	instruments-peaux	batteries	jeu-de-housses-batterie
11711	TRI SA6B8	metaux	triangles-chimes	triangle-sabian-6pouces-15cm-b8
11729	VEN 63472	instruments-effets	sifflets-sirene-flute-coulisse	flute-coulisse-acme-472
11763	CIS OFSSY18	metaux	cymbales	cymbales-orchestre-istanbul-agop-super-symphonic-d18pouces
11764	CIS OFSSY20	metaux	cymbales	cymbales-orchestre-istanbul-agop-super-symphonic-d20pouces
11766	TOM 41J6+ST	instruments-peaux	toms-de-concert	lot-de-6-toms-melodiques-6-8pouces-10-13pouces-14pouces-et-15pouces-1-peau-yamaha-serie-ct-800-stands
11769	GCC AF2818HOU	instruments-peaux	grosses-caisses	adams-4trhnbdv28-housse-grosse-caisse-fixe-adams-28-18pouces
11776	GCC AF4022RH	instruments-peaux	grosses-caisses	adams-2bdiiv4022-grosse-caisse-de-concert-40-22pouces-peau-synthetique
11777	GCC AF4022HOU	instruments-peaux	grosses-caisses	housse-adams-4trhnbdvh40-grosse-caisse-de-concert-adams-fixe-40-22pouces
11779	CCL CASBG145H	instruments-peaux	caisses-claires-pads-tambours	caisse-claire-cadeson-14-5pouces-1-2-sgb-series-gold-bronze
11780	CCL CASBG146H	instruments-peaux	caisses-claires-pads-tambours	caisse-claire-cadeson-14-6pouces-1-2-sgb-series-gold-bronze
11784	GUI CAGE662	instruments-effets	cabassas-guiros-et-kokiriko	guiro-cadeson-ge662
11874	GCC AF3622RH+H	instruments-peaux	grosses-caisses	grosse-caisse-de-concert-adams-36-22pouces-peau-synthetique-housse
11893	CZF FXS10	metaux	cymbales	cymbale-zildjian-fx-stack-fxs10-d10pouces
11899	GCC AF3222RH	instruments-peaux	grosses-caisses	grosse-caisse-de-concert-adams-2bdiiv3222-32-22pouces-peau-synthetique
11988	PAC COSAMPRO20	instruments-peaux	sets-instruments-peaux	pack-batucada-contemporanea-pack02-20-instruments-pro
12045	BEL LP450	metaux	cloches-clochettes-asiatiques	arbre-lp-lp450-de-26-cloches-sur-support
12074	TBA G110S	instruments-peaux	tambourins-et-hand-drums	tambourin-grover-t1-ss-10pouces-25cm-spanish-silver
12075	TRI 6TB-SD12	metaux	triangles-chimes	jeu-de-12-battes-de-triangle-super-deluxe-grover-tb-sd
12083	ETU 301465	instruments-peaux	caisses-claires-pads-tambours	housse-gewa-caisse-claire-14x6-5pouces-sps
12114	GCC AF2822RH	instruments-peaux	grosses-caisses	grosse-caisse-de-concert-adams-28-22pouces-peau-synthetique
12183	LO CSAHHXSME19	metaux	cymbales	cymbales-sabian-hhx-synergy-medium-11994xbm-d19pouces
12190	LO CZF0F20	metaux	cymbales	cymbales-orchestre-zildjian-symphonic-francaise-d20pouces
12201	ETU 8LP520	instruments-peaux	bongos-congas-et-timbales-latines	etui-lp-timbales-latines-14-15pouces-pieds
12307	CCL YCSS1450A	instruments-peaux	caisses-claires-pads-tambours	caisse-claire-yamaha-concert-ccs-1450a-14-5pouces
12356	CRO S50403H	metaux	crotales	jeu-de-crotales-sabian-octave-aigue-do7-do8-accord-442
12357	CRO S50403L	metaux	crotales	jeu-de-crotales-sabian-octave-grave-do6-do7-accord-442
12443	CAS 4GE50 SM	bois	castagnettes-claves	castagnettes-sur-manche-petite-e50-grenadillo-franck-epstein-percussion
12444	CAS 4GE50 MD	bois	castagnettes-claves	castagnettes-sur-manche-moyenne-e50-grenadillo-franck-epstein-percussion
12445	CAS 4GE50 LG	bois	castagnettes-claves	castagnettes-sur-manche-grande-e50-grenadillo-franck-epstein-percussion
12446	CAS 4G SG	bois	castagnettes-claves	castagnettes-sur-manche
12447	CAS 4G DB	bois	castagnettes-claves	castagnettes-sur-manche-double-clapper-franck-epstein-percussion
12462	CZC OF18K	metaux	cymbales	cymbales-zildjian-constantinople-18pouces
12548	CNG GP CA0975N	instruments-peaux	bongos-congas-et-timbales-latines	super-quinto-gon-bops-california-natural-d9-75pouces
12549	CNG GP CA1075N	instruments-peaux	bongos-congas-et-timbales-latines	quinto-gon-bops-california-natural-d10-75pouces
12550	CNG GP CA1150N	instruments-peaux	bongos-congas-et-timbales-latines	conga-gon-bops-california-natural-d11-50pouces
12551	CNG GP CA1225N	instruments-peaux	bongos-congas-et-timbales-latines	tumba-gon-bops-california-natural-d12-25pouces
12552	CNG GP CA1325N	instruments-peaux	bongos-congas-et-timbales-latines	super-tumba-gon-bops-california-natural-d13-25pouces
12585	TOM YA2H22M	instruments-peaux	toms-de-concert	tom-basse-de-concert-yamaha-serie-ct-9000-2-peaux-22-16pouces
12593	CCL PE1450PHB	instruments-peaux	caisses-claires-pads-tambours	caisse-claire-pearl-philharmonic-phb1450-14-5pouces
12597	WOO STW01	bois	chocoblocks-wood-blocks-et-mokubio	wood-block-studio-49-wo-1-5
12598	WOO STW02	bois	chocoblocks-wood-blocks-et-mokubio	wood-block-studio-49-wo-2-6pouces-15cm
12599	WOO STW03	bois	chocoblocks-wood-blocks-et-mokubio	wood-block-studio-49-wo-3-6pouces1-2-17cm
12600	WOO STW04	bois	chocoblocks-wood-blocks-et-mokubio	wood-block-studio-49-wo-4-7pouces1-2-19cm
12601	WOO STW05	bois	chocoblocks-wood-blocks-et-mokubio	wood-block-studio-49-wo-5-8pouces-20cm
12603	CLV STRC2	bois	castagnettes-claves	paire-de-claves-studio-49-rc-2-palissandre-d23mm
12646	TAP 0101	instruments-peaux	batteries	tapis-de-batterie-stagg-200x160cm
12668	CIS DR20 06	metaux	cymbales	cymbale-istanbul-agop-dark-ride-d20pouces-serie-traditional
12707	IEM TSLUDHX	metaux	ludophones	ludophone-modele-helix
12708	IEM TSLUDXB	metaux	ludophones	ludophone-modele-xbass-harp
12709	IEM TSLUDSH	metaux	ludophones	ludophone-modele-soprano-harp
12710	IEM TSLUDEUP	metaux	ludophones	ludophone-modele-euphone
12711	IEM TSLUDFLY	metaux	ludophones	ludophone-modele-dragon-fly
12712	IEM TSLUDFL	metaux	ludophones	ludophone-modele-flocon
12713	IEM TSLUDEL	metaux	ludophones	ludophone-modele-electro
12714	IEM TSBLUDAPC	metaux	ludophones	baguette-caoutchouc-ludophone-ttanium-sound
12715	IEM TSBLUDAPB	metaux	ludophones	baguette-bois-ludophone-ttanium-sound
12716	IEM TSBLUDAPX	metaux	ludophones	baguette-extra-balle-ludophone-ttanium-sound
12722	TOM YA2H18M	instruments-peaux	toms-de-concert	tom-melodique-yamaha-serie-ct-9000-2-peaux-18-16pouces
12723	TOM YA2H20M	instruments-peaux	toms-de-concert	tom-basse-de-concert-yamaha-serie-ct-9000-2-peaux-20-16pouces
12724	TOM YA2H24M	instruments-peaux	toms-de-concert	tom-basse-de-concert-yamaha-serie-ct-9000-2-peaux-24-16pouces
12839	TRI SA8B8	metaux	triangles-chimes	triangle-sabian-8pouces-20cm-b8
12840	TRI SAM9B8H	metaux	triangles-chimes	triangle-sabian-9pouces-23cm-b8-hh-martele-dore
13035	DM CISDR20	metaux	cymbales	cymbale-istanbul-agop-dark-ride-d20pouces-serie-traditional
13096	PAC COSAMNES21	instruments-peaux	sets-instruments-peaux	pack-batucada-contemporanea-samba-21-instruments-nesting
13258	GCC AS3622HOU	instruments-peaux	grosses-caisses	housse-adams-4trhnbd3622h-grosse-caisse-de-concert-adams-suspendue-36-22pouces
13270	VEN 64263	instruments-effets	sifflets-sirene-flute-coulisse	sifflet-bouche-acme-windmaster-263
13271	BAT ASS3F01B	instruments-peaux	batteries	batterie-asba-simone-3-futs
13272	BAT ASM2414	instruments-peaux	batteries	grosse-caisse-24-14pouces-asba-simone-metal
13273	CCL ASS1465	instruments-peaux	caisses-claires-pads-tambours	caisse-claire-asba-simone-14-6pouces-1-2
13310	BAT ASM2414+P	instruments-peaux	batteries	grosse-caisse-24-14pouces-asba-simone-metal-pedale-double-yamaha
13312	BAT ASS3F01B+CP	instruments-peaux	batteries	batterie-asba-simone-3-futs-caisse-claire-asba-2x-pieds
13465	DAR EMDAB	instruments-peaux	djembes-darboukas-tablas	etui-rembourre-meinl-darbouka-egyptienne
13496	GCC AF3222HOU	instruments-peaux	grosses-caisses	housse-adams-4trhnbdvh32-grosse-caisse-de-concert-adams-fixe-32-22pouces
13575	GON 3-X3	metaux	gongs-tam-tams	lot-de-3-gongs-opera-chinois-ascendant-accorde
13673	GCC AS3222HOU	instruments-peaux	grosses-caisses	adams-4trhnbd3222h-housse-grosse-caisse-fixe-adams-32-22pouces
13692	HER FA32	instruments-peaux	peaux-de-rechange	peau-remo-ambassador-fiberskyn-grosse-caisse-de-concert-32pouces
13693	HER FA36	instruments-peaux	peaux-de-rechange	peau-remo-ambassador-fiberskyn-grosse-caisse-de-concert-36pouces
13694	HER FA40	instruments-peaux	peaux-de-rechange	peau-remo-ambassador-fiberskyn-grosse-caisse-de-concert-40pouces
13751	DM CZG0F20	metaux	cymbales	cymbales-frappees-zildjian-symphonic-allemande-20pouces
13752	DM CPSMD18	metaux	cymbales	cymbales-frappees-paiste-symphonic-18pouces
13753	DM CPSHE20	metaux	cymbales	cymbales-frappees-paiste-symphonic-20pouces
13754	DM CMEMAR15	metaux	cymbales	cymbales-frappees-meinl-marching-band-classic-15pouces
13877	TBB 1112X3	instruments-peaux	tambourins-et-hand-drums	lot-de-12-tambourins-6pouces-10pouces-1-et-2-rangees-cymbalettes
13935	CME OFSY17SUS	metaux	cymbales	cymbales-suspendues-meinl-symphonic-17pouces-heavy
13936	CME OFSY20SUS	metaux	cymbales	cymbales-suspendues-meinl-symphonic-20pouces-heavy
13982	FOU COWHIP60	instruments-effets	fouet-bois-et-baton-de-pluie	fouet-clap-concorde-60cm
14266	CAS 0101X5	bois	castagnettes-claves	lot-de-5x-castagnettes-sur-manche-aigu-modele-etude
14270	MRC 5001-X2	instruments-effets	shakers-cherekes-et-maracas	lot-de-2-petites-maracas-aigue
14351	CME OFSY20H	metaux	cymbales	cymbales-frappees-meinl-symphonic-20pouces-heavy
14352	CME OFSY22M	metaux	cymbales	cymbales-frappees-meinl-symphonic-22pouces-medium
14359	GRE 23010	metaux	grelots	collier-de-10-grelots-3cm
14360	GRE 23510	metaux	grelots	collier-de-10-grelots-3-5cm
14361	GRE 24010	metaux	grelots	collier-de-10-grelots-4cm
14405	HER FA28	instruments-peaux	peaux-de-rechange	peau-remo-ambassador-fiberskyn-grosse-caisse-de-concert-28pouces
14406	PAD A4PPTAS	instruments-peaux	caisses-claires-pads-tambours	adams-4pptas-pad-elliptique-entrainement-aux-timbales
14407	PAD A4PPTAW	instruments-peaux	caisses-claires-pads-tambours	adams-4pptaw-pad-entrainement-original-aux-timbales
14419	EUP TSE442024	metaux	ludophones	euphone-original-e442024-titanium-sound
14432	CME OFSY18SUS	metaux	cymbales	cymbales-suspendues-meinl-symphonic-18pouces-heavy
14433	CME OFSY16H	metaux	cymbales	cymbales-frappees-meinl-symphonic-16pouces-heavy
14434	CME OFSY19MH	metaux	cymbales	cymbales-frappees-meinl-symphonic-19pouces-medium-heavy
14435	CME OFSY18H	metaux	cymbales	cymbales-frappees-meinl-symphonic-18pouces-heavy
14437	CME OFSY14SUS	metaux	cymbales	cymbales-suspendues-meinl-symphonic-14pouces-heavy
14438	CME OFSY16SUS	metaux	cymbales	cymbales-suspendues-meinl-symphonic-16pouces-heavy
14439	CME OFSY22SUS	metaux	cymbales	cymbales-suspendues-meinl-symphonic-22pouces-heavy
14718	TCA 1046+52	instruments-peaux	tambourins-et-hand-drums	tambours-sur-cadre-46-52cm-peau-clouee
