id	ref	cat3	slug	page_title
671	CEL 1051 04	celestas	celesta-schiedmayer-5-octaves-do3-do8	Célesta Schiedmayer (ancien modèle) - Célestas - Instruments de percussion
673	CEL 1054 04	celestas	celesta-schiedmayer-compact-5-octaves-1-2-do3-fa8	Célesta Schiedmayer modèle Compact (ancien modèle) - Célestas - Instruments de percussion
674	CEL 1055 04	celestas	celesta-schiedmayer-studio-5-octaves-1-2	Célesta Schiedmayer modèle Studio (ancien modèle) - Célestas - Instruments de percussion
675	CEL SM2035	glockenspiels	glockenspiel-a-clavier-schiedmayer-pagageno-3-octaves-1-2-do5-sol8	Glockenspiel à clavier SCHIEDMAYER Pagageno, 3 octaves 1/2 Do5-Sol8 - Glockenspiels - Instruments de percussion
676	CEL 2055 04	celestas	celesta-yamaha-5-octaves-1-2	Célesta Yamaha (ancien modèle) - Célestas - Instruments de percussion
925	CLT DC90 04	cloches-tubes	cloches-tubes-deagan-symphonic-chrome-1-octave-1-2	Cloches-tubes Deagan Symphonic - Cloches-tubes - Instruments de percussion
929	CLT 2001 04	cloches-tubes	cloches-tubes-adams-symphonic-chrome-1-octave-1-2	Cloches-tubes ADAMS BK2201 Standard laiton chromé - Cloches-tubes - Instruments de percussion
930	CLT 3003 04	cloches-tubes	cloches-tubes-adams-symphonic-laiton-chrome-1-octave-1-2	Cloches-tubes ADAMS BK3203 Symphonic laiton chromé - Cloches-tubes - Instruments de percussion
932	CLT 5003 04	cloches-tubes	cloches-tubes-adams-philharmonic-chrome-1-octave-1-2	Cloches-tubes ADAMS BK5203 Philharmonic laiton chromé - Cloches-tubes - Instruments de percussion
933	CLT 5003S04	cloches-tubes	cloches-tubes-adams-philharmonic-satine-1-octave-1-2	Cloches-tubes ADAMS BKL5203 Philharmonic laiton satiné - Cloches-tubes - Instruments de percussion
2601	GLO 30BERF	glockenspiels	glockenspiel-bergerault-radio-france-3-octaves-fa5-mi8	glockenspiel à pédale BERGERAULT Radio France 3 octaves, fa5-mi8 (ancien modèle) - Glockenspiels - Instruments de percussion
2602	GLO 30BERFR	glockenspiels	glockenspiel-bergerault-radio-france-3-octaves-fa5-mi8-reglable	Glockenspiel à pédale BERGERAULT Radio France, 3 octaves Fa5-Mi8 - Glockenspiels - Instruments de percussion
2605	GLO 25YA250D	glockenspiels	glockenspiel-yamaha-250d-2-octaves-1-2-fa5-do8	Glockenspiel valise YAMAHA YG-⁠250D, 2 octaves 1/2 Fa5-Do8 - Glockenspiels - Instruments de percussion
2606	GLO 25MU645	glockenspiels	glockenspiel-musser-m645-2-octaves-1-2-sol5-do8	Glockenspiel valise MUSSER M645, 2 octaves 1/2 Sol5-Do8 - Glockenspiels - Instruments de percussion
2607	GLO 25MU646	glockenspiels	glockenspiel-musser-m646-2-octaves-1-2-sol5-do8-avec-etouffoir	Glockenspiel valise MUSSER M646, 2 octaves 1/2 Sol5-Do8 - Glockenspiels - Instruments de percussion
2611	GLO 25YA1210	glockenspiels	glockenspiel-yamaha-1210-2-octaves-1-2-fa5-do8	Glockenspiel valise YAMAHA YG-⁠1210, 2 octaves 1/2 Fa5-Do8 - Glockenspiels - Instruments de percussion
2612	GLO 1590 04	glockenspiels	glockenspiel-deagan-2-octaves-1-2	glockenspiel valise DEAGAN DG1590B - Glockenspiels - Instruments de percussion
2613	GLO 2001 04	glockenspiels	glockenspiel-saito-2001-2-octaves-1-2	glockenspiel valise SAITO 2001 - Glockenspiels - Instruments de percussion
2614	LO GLO3001	glockenspiels	glockenspiel-saito-3001-2-octaves-1-2	glockenspiel valise SAITO 30012 octaves 1/2, fa5-do8 - Glockenspiels - Instruments de percussion
3531	MAR 50ADAHC5	marimbas	marimba-adams-artist-classic-5-octaves	Marimba ADAMS MAHC50 Artist Concert5 octaves do2-do7, Clavier Palissandre du Honduras - Marimbas - Instruments de percussion
3533	MAR 43ADAHV1	marimbas	marimba-adams-artist-van-sice-4-octaves-1-3	Marimba ADAMS Robert Van Sice - Marimbas - Instruments de percussion
3534	MAR 46ADAHV2	marimbas	marimba-adams-artist-van-sice-4-octaves-2-3	Marimba ADAMS MAHV46 Artist Robert Van Sice4 octaves 2/3 mi2-do7, Clavier Palissandre du Honduras - Marimbas - Instruments de percussion
3536	MAR 50ADAHV5	marimbas	marimba-adams-artist-van-sice-5-octaves	Marimba ADAMS MAHV50 Artist Robert Van Sice5 octaves do2-do7, Clavier Palissandre du Honduras (old) - Marimbas - Instruments de percussion
3537	MAR 30ADMSPV	marimbas	marimba-adams-junior-3-octaves	Marimba ADAMS MSPV30 Junior 3 octaves do3-do6, Clavier Padouk - Marimbas - Instruments de percussion
3538	MAR 40ADMSPV	marimbas	marimba-adams-junior-4-octaves	Marimba ADAMS MSPV40 Solist Voyager4 octaves do3-do7, Clavier Padouk - Marimbas - Instruments de percussion
3541	MAR 43ADMCHV	marimbas	marimba-adams-concert-voyager-4-octaves-1-3-palissandre	Marimba ADAMS MCHV43 Concert Voyager4 octaves 1/3 la2-do7, Clavier Palissandre du Honduras - Marimbas - Instruments de percussion
3544	MAR 43ADMCPV	marimbas	marimba-adams-concert-voyager-4-octaves-1-3-padouk	Marimba ADAMS MCPV43 Concert Voyager4 octaves 1/3 la2-do7, Clavier Padouk - Marimbas - Instruments de percussion
3546	MAR 43ADMSHV	marimbas	marimba-adams-solist-voyager-4-octaves-1-3-palissandre	Marimba ADAMS MSHV43 Solist Voyager4 octaves 1/3 la2-do7, Clavier Palissandre du Honduras - Marimbas - Instruments de percussion
3549	MAR 43ADMSPV	marimbas	marimba-adams-solist-voyager-4-octaves-1-3-padouk	Marimba ADAMS MSPV43 Solist Voyager4 octaves 1/3 la2-do7, Clavier Padouk - Marimbas - Instruments de percussion
3560	MAR 43YA1430	marimbas	marimba-yamaha-kym-1430-4-octaves-1-3-padouk	Marimba YAMAHA YM-⁠1430 4 octaves 1/3 la2-do7, Clavier Padouk - Marimbas - Instruments de percussion
3561	MAR 43YA2400R	marimbas	marimba-yamahaym-2400r-4-octaves-1-3-palissandre	Marimba YAMAHA YM-⁠2400R 4 octaves 1/3 la2-do7, Clavier Palissandre du Honduras - Marimbas - Instruments de percussion
3564	MAR 43CO4001	marimbas	marimba-concorde-m4001-4-octaves-1-3	Marimba CONCORDE M40014 octaves 1/3 la2-do7, Clavier Padouk - Marimbas - Instruments de percussion
3567	MAR 43CO4003D	marimbas	marimba-concorde-4003d-4-octaves-1-3	Marimba CONCORDE M4003DL4 octaves 1/3 la2-do7, Clavier Padouk - Marimbas - Instruments de percussion
3570	MAR 50YA5100A	marimbas	marimba-yamaha-5100a-5-octaves	Marimba YAMAHA YM-⁠5100A 5 octaves do2-do7, Clavier Palissandre du Honduras - Marimbas - Instruments de percussion
3573	MAR 43CO6001	marimbas	marimba-concorde-6001-4-octaves-1-3	Marimba CONCORDE M60014 octaves 1/3 la2-do7, Clavier Palissandre du Honduras - Marimbas - Instruments de percussion
3576	MAR 45CO8001	marimbas	marimba-concorde-8001-4-octaves-1-2	Marimba CONCORDE M80014 octaves 1/2 fa2-do7, Clavier Palissandre du Honduras - Marimbas - Instruments de percussion
3580	MAR 50CO8000	marimbas	marimba-concorde-8000-5-octaves	Marimba CONCORDE M80005 octaves do2-do7, Clavier Palissandre du Honduras - Marimbas - Instruments de percussion
5821	VIB 30ADA001	vibraphones	vibraphone-adams-artist-3-octaves	Vibraphone ADAMS - 3 octaves fa3-fa6clavier argenté avec moteur (ancien modèle) - Vibraphones - Instruments de percussion
5824	VIB 30MUM55	vibraphones	vibraphone-musser-m55-pro-vibe-3-octaves	Vibraphone MUSSER M55 Pro-⁠Vibe avec moteur3 octaves fa3-fa6, clavier argenté - Vibraphones - Instruments de percussion
5827	VIB 30MUM58	vibraphones	vibraphone-musser-m58-piper-3-octaves	Vibraphone MUSSER M58 Piper 3 octaves fa3-fa6clavier argenté avec moteur (ancien modèle) - Vibraphones - Instruments de percussion
5828	VIB 30MUM75	vibraphones	vibraphone-musser-m75-century-3-octaves-clavier-dore	Vibraphone MUSSER Century avec moteur3 octaves fa3-fa6, clavier doré - Vibraphones - Instruments de percussion
5833	VIB 30YA1605	vibraphones	vibraphone-yamaha-1605-3-octaves	Vibraphone YAMAHA YV-⁠1605 avec moteur3 octaves fa3-fa6, clavier argenté - Vibraphones - Instruments de percussion
5837	VIB 30YA2700	vibraphones	vibraphone-yamaha-2700-3-octaves	Vibraphone YAMAHA  avec moteur3 octaves fa3-fa6, clavier argenté - Vibraphones - Instruments de percussion
5839	VIB 30YA3710M	vibraphones	vibraphone-yamaha-3710-3-octaves-clavier-dore-mate	Vibraphone YAMAHA YV-⁠3710M 3 octaves fa3-fa6Clavier doré mate avec moteur (ancien modèle) - Vibraphones - Instruments de percussion
5841	VIB 35YA3910M	vibraphones	vibraphone-yamaha-3910-3-octaves-1-2	Vibraphone YAMAHA  avec moteur3 octaves 1/2 do3-fa6, clavier doré mate - Vibraphones - Instruments de percussion
5843	VIB 40YA4110M	vibraphones	vibraphone-yamaha-4110-4-octaves	Vibraphone YAMAHA 4110M 4 octaves, do3-do7 - Vibraphones - Instruments de percussion
6023	XYL 35ADSLV3	xylophones	xylophone-adams-solist-voyager-3-octaves-1-2-light-rosewood	Xylophone ADAMS XS2LV35 Solist Voyager 3 octaves 1/2 fa4-do8, Clavier Light rosewood - Xylophones - Instruments de percussion
6024	XYL 40ADXSLV4	xylophones	xylophone-adams-solist-voyager-4-octaves-rosewood	Xylophone ADAMS XS2LV40 Solist Voyager 4 octaves do4-do8, Clavier Light rosewood - Xylophones - Instruments de percussion
6027	XYL 40ADXCHV	xylophones	xylophone-adams-concert-voyager-4-octaves-palissandre	Xylophone ADAMS Concert Voyager 4 octaves do4-do8, Clavier Palissandre du Honduras - Xylophones - Instruments de percussion
6028	XYL 35ADXKV3	xylophones	xylophone-adams-solist-voyager-3-octaves-1-2-synthetique	Xylophone ADAMS XS2KV35 Solist Voyager 3 octaves 1/2 fa4-do8, Clavier Composite - Xylophones - Instruments de percussion
6029	XYL 40ADXSHV	xylophones	xylophone-adams-solist-voyager-4-octaves-palissandre	Xylophone ADAMS Solist Voyager 4 octaves do4-do8, Clavier Palissandre du Honduras - Xylophones - Instruments de percussion
6035	XYL 35MUM51	xylophones	xylophone-musser-m51-3-octaves-1-2-kelon	Xylophone MUSSER M51 3 octaves 1/2 fa4-do8, Clavier Composite - Xylophones - Instruments de percussion
6036	XYL 35RS0001	xylophones	xylophone-d-etude-rythmes-sons-3-octaves-1-2	Xylophone d'étude ADAMS Etude 3 octaves 1/2 fa4-do8, Clavier Light rosewood avec pied réglable - Xylophones - Instruments de percussion
6041	XYL 25CO1001	xylophones	xylophone-concorde-1001-2-octaves-1-2-padouk	Xylophone d'étude CONCORDE Etude 2 octaves 1/2 fa5-do8, Clavier Padouk - Xylophones - Instruments de percussion
6046	XYL 40CO4002	xylophones	xylophone-concorde-4002-4-octaves-padouk	Xylophone CONCORDE  4 octaves do4-do8, Clavier Padouk - Xylophones - Instruments de percussion
6050	XYL 40CO6002	xylophones	xylophone-concorde-6002-4-octaves-palissandre	Xylophone CONCORDE  4 octaves do4-do8, Clavier Palissandre du Honduras - Xylophones - Instruments de percussion
6053		xylophones	xylophone-concorde-8002-4-octaves-palissandre	
6333	XYL Y350 04	xylophones	xylophone-yamaha-350-3-octaves-1-2-bois-de-rose	Xylophone YAMAHA YX-⁠350 3 octaves 1/2, fa4-do8 Clavier Padouk - Xylophones - Instruments de percussion
6334	MAR 43YA2400K	marimbas	marimba-yamahaym-2400a-4-octaves-1-3-palissandre	Marimba YAMAHA YM-⁠2400K 4 octaves 1/3, Composite - Marimbas - Instruments de percussion
6424	VIB 30MUM55G	vibraphones	vibraphone-musser-m55-pro-vibe3-octaves	Vibraphone MUSSER M55G Pro-⁠Vibe avec moteur3 octaves fa3-fa6, clavier doré - Vibraphones - Instruments de percussion
6428	GLO 35YA2500	glockenspiels	glockenspiel-yamaha-3-octaves-1-2-do5-mi8-avec-etouffoir	Glockenspiel à pédale YAMAHA YG-⁠2500, 3 octaves 1/2 Do5-Mi8 - Glockenspiels - Instruments de percussion
6430	VIB 30MUM75H	vibraphones	vibraphone-musser-m75-hampton-3-octaves	Vibraphone MUSSER Lionel Hampton Signature Century avec moteur3 octaves fa3-fa6, clavier doré - Vibraphones - Instruments de percussion
6534	MAR 50CO8000R	marimbas	marimba-concorde-8000r-5-octaves-reglable-en-hauteur	Marimba CONCORDE M8000 SP5 octaves do2-do7, Clavier Palissandre du Honduras - Marimbas - Instruments de percussion
6624	VIB R715 04	vibraphones	vibraphone-ross-concert-r715s-3-octaves	Vibraphone ROSS Concert R715 3 octaves fa3-fa6clavier argenté avec moteur (ancien modèle) - Vibraphones - Instruments de percussion
6625	VIB R704 04	vibraphones	vibraphone-ross-etude-r704-3-octaves	Vibraphone ROSS Etude R704 3 octaves fa3-fa6clavier argenté avec moteur (ancien modèle) - Vibraphones - Instruments de percussion
6626	XYL 35RO320	xylophones	xylophone-ross-concert-3-octaves-1-2-palissandre	Xylophone ROSS Concert 3 octaves 1/2, fa4-do8 Clavier Palissandre du Honduras - Xylophones - Instruments de percussion
6627	XYL R319 04	xylophones	xylophone-ross-prolon-3-octaves-1-2	Xylophone ROSS Prolon 3 octaves 1/2, fa4-do8 Clavier Composite - Xylophones - Instruments de percussion
6628	MAR R420 04	marimbas	marimba-ross-prolon-4-octaves-1-3	Marimba ROSS Prolon 4 octaves 1/3, Padouk - Marimbas - Instruments de percussion
6633	CLT R610 04	cloches-tubes	cloches-tubes-ross-symphonic-1-octave-1-2	Cloches-tubes Ross Symphonic - Cloches-tubes - Instruments de percussion
6776	XYL 40ADXKV4	xylophones	xylophone-adams-solist-voyager-4-octaves-synthetique	Xylophone ADAMS XS2KV40 Solist Voyager 4 octaves do4-do8, Clavier Composite - Xylophones - Instruments de percussion
6795	CLT 0007 04	cloches-tubes	chassis-support-pour-7-cloche-tubes-sans-etouffoir	Support pour 7 cloche-tubes (sans étouffoir) - Cloches-tubes - Instruments de percussion
6827	GLO 33ADAA33	glockenspiels	glockenspiel-adams-artist-voyager-3-octaves-1-3-do5-mi8	glockenspiel à pédale ADAMS GAT333 octaves 1/3, do5-mi8 - Glockenspiels - Instruments de percussion
6832		vibraphones	vibraphone-yamaha-2700-3-octaves	
6928	VIB 30ADA200	vibraphones	vibraphone-adams-concert-3-octaves	Vibraphone ADAMS Concert 3 octaves fa3-fa6clavier argenté avec moteur (demo) - Vibraphones - Instruments de percussion
6929	VIB 30ADA2SM	vibraphones	vibraphone-adams-concert-3-octaves-sans-moteur	Vibraphone ADAMS Concert 3 octaves fa3-fa6clavier argenté avec moteur (ancien modèle) - Vibraphones - Instruments de percussion
6930	VIB 31ADA300	vibraphones	vibraphone-adams-solist-3-1-octaves	Vibraphone ADAMS VSWV31 Solist 3.1 octaves mi3-fa6clavier argenté avec moteur (ancien modèle) - Vibraphones - Instruments de percussion
6931	VIB 31ADSVSSM	vibraphones	vibraphone-adams-solist-3-1-octaves	Vibraphone ADAMS VSWV31 Solist 3.1 octaves mi3-fa6Clavier argenté sans moteur - Vibraphones - Instruments de percussion
7044	MAR 45CO8001R	marimbas	marimba-concorde-8001r-4-octaves-1-2	Marimba CONCORDE M8001 SP4 octaves 1/2 fa2-do7, Clavier Palissandre du Honduras - Marimbas - Instruments de percussion
7114	MAR 50CO7000	marimbas	marimba-concorde-7000-5-octaves	Marimba CONCORDE M70005 octaves do2-do7, Clavier Palissandre du Honduras - Marimbas - Instruments de percussion
7140	CLT 3007 04	cloches-tubes	chassis-adams-support-pour-7-cloches-tubes	Support Adams pour 7 cloches-tubes - Cloches-tubes - Instruments de percussion
7141	CLT 3007R04	cloches-tubes	chassis-adams-pour-7-cloches-tubes-etouffoir-reglable	Châssis ADAMS pour 7 cloches-tubes + étouffoir + réglable - Cloches-tubes - Instruments de percussion
7175	VIB 30YA520	vibraphones	vibraphone-yamaha-520-3-octaves-clavier-argente	Vibraphone YAMAHA YV-⁠520 3 octaves fa3-fa6clavier argenté avec moteur (ancien modèle) - Vibraphones - Instruments de percussion
7312	CLT 5013S04	cloches-tubes	extension-cloches-tubes-adams-philharmonic-satine-1-2-octave	Extensions ADAMS BKL 5200 pour cloche-tubes ADAMS 18 tubes Philharmonic 1 octave 1/2 laiton satiné - Cloches-tubes - Instruments de percussion
7396	MAR 43ADMCKV	marimbas	marimba-adams-mckv43-concert-4-octaves-1-3	Marimba ADAMS MCKV43 Concert Voyager4 octaves 1/3 la2-do7, Clavier Composite - Marimbas - Instruments de percussion
7510	MAR 50YA6100	marimbas	marimba-yamaha-6100-grand-concert-5-octaves	Marimba YAMAHA 6100 Grand Concert5 octaves do2-do7, Clavier Palissandre du Honduras - Marimbas - Instruments de percussion
7533	MAR AHV1EXTENS	marimbas	extension-5-octaves-pour-marimba-adams-artist-4-oct-1-3	Extension 2MBA2HRVAC 5 octaves pour marimba ADAMS Robert Van Sice 4°octaves°1/3 réf. MAR 43ADAHV1 - Marimbas - Instruments de percussion
7584	CLT 5013 04	cloches-tubes	extension-cloches-tubes-adams-philharmonic-chrome-1-2-octave	Extensions ADAMS BKL 5200 pour cloche-tubes ADAMS 18 tubes Philharmonic 1 octave 1/2 laiton chromé - Cloches-tubes - Instruments de percussion
7716	XYL 40CO4002G	xylophones	xylophone-concorde-4002ga-4-octaves-padouk	Xylophone CONCORDE  4 octaves do4-do8, Clavier Padouk - Xylophones - Instruments de percussion
7732	MAR 50ADAHC5C	marimbas	marimba-adams-mahcc50-custom-classic-5-octaves	Marimba ADAMS MAHCC50 Custom Classic5 octaves do2-do7, Clavier Palissandre du Honduras - Marimbas - Instruments de percussion
7814	MAR 5100A+ET	marimbas	marimba-yamaha-5-octaves-kym-5100-a-etuis	Marimba YAMAHA YM-⁠5100A5 octaves - Palissandre du Honduras+ 8 étuis de transport souples - Marimbas - Instruments de percussion
7816	VIB 30MUM55+VL	vibraphones	vibraphone-musser-m55-pro-vibe-3-octaves-valise-lames	Vibraphone MUSSER M55 Pro-⁠Vibe 3 octaves, clavier argenté + valise de transport pour clavier (ancien modèle) - Vibraphones - Instruments de percussion
7818	XYL 0001+PIE	xylophones	xylophone-d-etude-rythmes-sons-3-octaves-1-2	Xylophone d'étude RYTHMES & SONS avec son pied réglable3 octaves 1/2 - Padouk - Xylophones - Instruments de percussion
7912	XYL 40CO6002G	xylophones	xylophone-concorde-6002ga-4-octaves-palissandre	Xylophone CONCORDE  4 octaves do4-do8, Clavier Palissandre du Honduras - Xylophones - Instruments de percussion
7918	XYL 40CO8002G	xylophones	xylophone-concorde-8002ga-4-octaves-palissandre	Xylophone CONCORDE  4 octaves do4-do8, Clavier Palissandre du Honduras - Xylophones - Instruments de percussion
7942	XYL 35YA500R	xylophones	xylophone-yamaha-yx-500r-modele-professionnel	Xylophone YAMAHA  3 octaves 1/2 fa4-do8, Clavier Palissandre du Honduras - Xylophones - Instruments de percussion
7943	MAR 50SA5500	marimbas	marimba-saito-msk5500-5-octaves	Marimba SAITO MSK5500 5 octaves, Palissandre du Honduras - Marimbas - Instruments de percussion
7944	MAR 43SA60R	marimbas	marimba-saito-ms60r-4-octaves-1-3-palissandre	Marimba SAITO 60R 4 octaves 1/3, Palissandre du Honduras - Marimbas - Instruments de percussion
7946	MAR 43SA55P	marimbas	marimba-saito-ms55p-4-octaves-1-3-padouk	Marimba SAITO 55P 4 octaves 1/3, Padouk - Marimbas - Instruments de percussion
7947	XYL 40SA90	xylophones	xylophone-saito-sx90-4-octaves-palissandre	Xylophone SAITO  4 octaves do4-do8, Clavier Palissandre du Honduras - Xylophones - Instruments de percussion
7948	VIB 43SA4300	vibraphones	vibraphone-saito-vs-4000dc-4-octaves-1-3	Vibraphone SAITO VS 4000DC 4 octaves 1/3, la2-do7 (ancien modèle) - Vibraphones - Instruments de percussion
7949	VIB 40SA4000	vibraphones	vibraphone-saito-vs-4000dc-4-octaves	Vibraphone SAITO VS 4000DC 4 octaves, do3-do6 (ancien modèle) - Vibraphones - Instruments de percussion
7950	VIB 30SA1500	vibraphones	vibraphone-saito-vs-1500dc-3-octaves	Vibraphone SAITO VS 1500DC 3 octaves fa3-fa6clavier doré avec moteur (ancien modèle) - Vibraphones - Instruments de percussion
7951	VIB 30SA180	vibraphones	vibraphone-saito-vs-180dc-3-octaves	Vibraphone SAITO VS 180DC 3 octaves fa3-fa6clavier argenté avec moteur (ancien modèle) - Vibraphones - Instruments de percussion
7952	GLO 25SAD4	glockenspiels	glockenspiel-saito-d4-2-octaves-1-2-fa5-do8	glockenspiel valise SAITO D4 - Glockenspiels - Instruments de percussion
7953	GLO 25SASG100	glockenspiels	glockenspiel-saito-sg100-pro-set-2-octaves-1-2-fa5-do8	Glockenspiel Saito SG100 Pro Set,  2 oct. 1/2 - Glockenspiels - Instruments de percussion
8066	XYL 35YA135	xylophones	xylophone-yamaha-yx-135-modele-conservatoire-3-octaves-1-2	Xylophone YAMAHA YX-⁠135 3 octaves 1/2, padouk - Xylophones - Instruments de percussion
8067	XYL 30YA30	xylophones	xylophone-d-etude-yamaha-yx-30g-3-octaves	Xylophone d'étude YAMAHA Etude 3 octaves do5-do8, Clavier Padouk - Xylophones - Instruments de percussion
8180	MAR 30ADACAD	marimbas	marimba-d-etude-adams-solist-academy-3-octaves	Marimba ADAMS MSLD30 Academy 3 octaves do3-do6, Clavier Padouk - Marimbas - Instruments de percussion
8229	MAR 50M4BTVAN	marimbas	marimba-marimba-one-serie-izzy-4-octaves-2-3	Marimba MARIMBA ONE SERIE IZZY 5 octaves do2-do7, Clavier Palissandre du Honduras - Marimbas - Instruments de percussion
8230	MAR 50MO9305	marimbas	marimba-marimba-one-serie-3000-5-octaves	Marimba MARIMBA ONE #9305 SERIE 31005 octaves do2-do7, Clavier Palissandre du Honduras Enhanced - Marimbas - Instruments de percussion
8305	XYL 40ADXAHV	xylophones	xylophone-adams-artist-voyager-4-octavec-palissandre	Xylophone ADAMS Artist Voyager 4 octaves, Palissandre du Honduras (demo) - Xylophones - Instruments de percussion
8321	CLT 3013 04	cloches-tubes	extension-cloches-tubes-adams-synphonic-chrome-1-2-octave	Extensions ADAMS pour cloche-tubes ADAMS Symphonic 1 octave 1/2 laiton chromé - Cloches-tubes - Instruments de percussion
8510	MAR 50M4BEVAN	marimbas	marimba-marimba-one-serie-4000-basso-bravo-clavier-enhanced-5-octaves	Marimba MARIMBA ONE SERIE 4000 5 octaves do2-do7, Clavier Palissandre du Honduras - Marimbas - Instruments de percussion
8524	GLO 35CO8001	glockenspiels	glockenspiel-concorde-g8001-3-octaves-1-2-do5-fa8	Glockenspiel à pédale CONCORDE G8001, 3 octaves 1/2 Do5-Fa8 - Glockenspiels - Instruments de percussion
8541	XYL 35STRXC30	xylophones	xylophone-studio-49-concert-3-octaves-1-2-modele	Xylophone STUDIO 49 Concert  3 octaves 1/2, fa4-do8 Clavier Palissandre du Honduras - Xylophones - Instruments de percussion
8542	XYL 40STRXC40	xylophones	xylophone-studio-49-concert-4-octaves	Xylophone STUDIO 49   4 octaves, do4-do8 Clavier Palissandre du Honduras - Xylophones - Instruments de percussion
8588	MAR 50ADAHA5	marimbas	marimba-adams-artist-alpha-5-octaves	Marimba ADAMS Artist Alpha 5 octaves, Palissandre du Honduras - Marimbas - Instruments de percussion
8598		marimbas	marimba-musser-practice-3-octaves	
8616	MAR AHC5EXTEN	marimbas	kit-adams-convertir-marimba-ahc5-ahc43	Kit ADAMS pour convertir un marimba AHC5 en AHC43 - Marimbas - Instruments de percussion
8746	MAR 43CO4003G	marimbas	marimba-concorde-4003g-4-octaves-1-3	Marimba CONCORDE M4003 GA4 octaves 1/3 la2-do7, Clavier Padouk - Marimbas - Instruments de percussion
8813		xylophones	xylophone-adams-solist-voyager-3-octaves-1-2-palissandre	
8841		vibraphones	vibraphone-adams-artist-3-octaves	
8842	VIB 30ADA200G	vibraphones	vibraphone-adams-concert-3-octaves-clavier-dore	Vibraphone ADAMS Concert 3 octaves fa3-fa6clavier doré avec moteur (ancien modèle) - Vibraphones - Instruments de percussion
9064	VIB 31ADSVS	vibraphones	vibraphone-adams-solist-3-1-octaves-avec-moteur	Vibraphone ADAMS VSWV31 Solist 3.1 octaves mi3-fa6Clavier argenté avec moteur (ancien modèle) - Vibraphones - Instruments de percussion
9065	VIB 30ADCVS	vibraphones	vibraphone-adams-concert-3-octaves-avec-moteur	Vibraphone ADAMS VCWV30 Concert 3 octaves fa3-fa6Clavier argenté avec moteur (ancien modèle) - Vibraphones - Instruments de percussion
9066	VIB 30ADCVG	vibraphones	vibraphone-adams-concert-3-octaves	Vibraphone ADAMS VCWV30 Artist 3 octaves fa3-fa6Clavier doré avec moteur (ancien modèle) - Vibraphones - Instruments de percussion
9070	CEL SM1055	celestas	celesta-schiedmayer-studio-5-octaves-1-2-do3-fa9	Célesta SCHIEDMAYER Studio, 5 octaves 1/2 Do3-Fa8 (notation internationale) - Célestas - Instruments de percussion
9071	CEL SM1054	celestas	celesta-schiedmayer-compact-5-octaves-1-2-do3-fa8	Célesta SCHIEDMAYER Compact, 5 octaves 1/2 Do3-Fa8 (notation internationale) - Célestas - Instruments de percussion
9072	CEL SM1051	celestas	celesta-schiedmayer-5-octaves-do3-fa8	Célesta SCHIEDMAYER Compact, 5 octaves Do3-Do8 (notation internationale) - Célestas - Instruments de percussion
9073		celestas	celesta-schiedmayer-5-octaves-fa3-fa8	
9132	MAR 43CO6001G	marimbas	marimba-concorde-6001g-4-octaves-1-3	Marimba CONCORDE M6001 GA4 octaves 1/3 la2-do7, Clavier Palissandre du Honduras - Marimbas - Instruments de percussion
9138	VIB 30ADATS	vibraphones	vibraphone-adams-artist-3-octaves	Vibraphone ADAMS VAWT30 Artist 3 octaves fa3-fa6Clavier argenté avec moteur (ancien modèle) - Vibraphones - Instruments de percussion
9139	VIB 30ADCVSSM	vibraphones	vibraphone-adams-concert-3-octaves-avec-moteur	Vibraphone ADAMS VCNV30 Concert 3 octaves fa3-fa6clavier argenté (ancien modèle) - Vibraphones - Instruments de percussion
9142	MAR 50MO9505	marimbas	marimba-marimba-one-serie-izzy-5-octaves	Marimba MARIMBA ONE #9505 SERIE IZZY5 octaves do2-do7, Clavier Palissandre du Honduras Enhanced - Marimbas - Instruments de percussion
9143	VIB 30ADLVG	vibraphones	vibraphone-adams-artist-alpha-3-octaves	Vibraphone ADAMS Artist Alpha 3 octaves fa3-fa6Clavier doré avec moteur (ancien modèle) - Vibraphones - Instruments de percussion
9172	VIB 30MUM55+FC	vibraphones	vibraphone-musser-m55-pro-vibe-3-octaves-flight-case	Vibraphone MUSSER M55 Pro-⁠Vibe avec moteur3 octaves fa3-fa6, clavier argenté+ Flight-case pour l'instrument complet plié - Vibraphones - Instruments de percussion
9173	XYL 40ADXSHV+FC	xylophones	xylophone-adams-solist-voyager-4-octaves-palissandre-flight-case	Xylophone ADAMS XS2HV40 Solist Voyager4 octaves - Palissandre du Honduras+ Flight-case pour xylophone Adams XSHV complet démonté - Xylophones - Instruments de percussion
9177	CLT 3003+FC	cloches-tubes	cloches-tubes-adams-symphonic-laiton-chrome-1-octave-1-2-flight-case	Cloches-tubes ADAMS BK3203 Symphonic + Flight-case pour cloche-tube Adams Symphonic monté - Cloches-tubes - Instruments de percussion
9182	VIB 30MUM55+ET	vibraphones	vibraphone-musser-m55-pro-vibe-3-etuis-molletones	Vibraphone MUSSER M55 Pro-⁠Vibe avec moteur3 octaves fa3-fa6, clavier argenté+ 3 étuis molletonnés pour l'instrument complet démonté - Vibraphones - Instruments de percussion
9376	LO MARKART5	marimbas	marimba-adams-van-sice-5-octaves-flight-cases	Marimba ADAMS Artist Robert Van Sice5 octaves - Palissandre du Honduras+ flight-case - Marimbas - Instruments de percussion
9395	MAR 43ADAHA43	marimbas	marimba-adams-artist-alpha-4-octaves-1-3	Marimba ADAMS Artist Alpha 4 octaves 1/3, Palissandre du Honduras - Marimbas - Instruments de percussion
9551	LO VIBADATS	vibraphones	vibraphone-adams-artist-3-octaves	Vibraphone ADAMS VAWT30 Artist 3 octaves fa3-fa6Clavier argenté (demo) - Vibraphones - Instruments de percussion
9552	CLT 3005 04	cloches-tubes	cloches-tubes-adams-symphonic-chrome-1-octave-1-6	Cloches-tubes ADAMS BK3216 Symphonic laiton chromé - Cloches-tubes - Instruments de percussion
9553	CLT 5005 04	cloches-tubes	cloches-tubes-adams-philharmonic-chrome-1-octave-1-6	Cloches-tubes ADAMS BK5216 Philharmonic laiton chromé - Cloches-tubes - Instruments de percussion
9554	CLT 5005S04	cloches-tubes	cloches-tubes-adams-philharmonic-satine-1-octave-1-6	Cloches-tubes ADAMS BKL5216 Philharmonic laiton satiné - Cloches-tubes - Instruments de percussion
9680	VIB 30ADLTS	vibraphones	vibraphone-adams-artist-alpha-traveler-version-argente-3-octaves	Vibraphone ADAMS VAAT30 Artist Alpha TRAVELER VERSION 3 octaves fa3-fa6Clavier argenté avec moteur (ancien modèle) - Vibraphones - Instruments de percussion
9929	CLT 20BKS B5	cloches-tubes	adams-4bkdb01-b5-cloches-tubes-standard-si5-laiton-chrome	Cloches-tubes ADAMS 4BKDB01-B5 Standard Si5 laiton chromé - Cloches-tubes - Instruments de percussion
9966	MAR 50MO9501	marimbas	marimba-marimba-one-serie-izzy-5-octaves-palissandre-honduras	Marimba MARIMBA ONE #9501 SERIE IZZY5 octaves do2-do7, Clavier Palissandre du Honduras Traditionnel - Marimbas - Instruments de percussion
10212	MAR 50ADPD00	marimbas	marimba-adams-artist-van-sice-5-octaves-sans-resonateur	Marimba ADAMS MAAP50 Artist Robert Van Sice5 octaves do2-do7, Clavier Padouk (old) - Marimbas - Instruments de percussion
10213	MAR 50ADPDRE	marimbas	marimba-adams-artist-van-sice-5-octaves-avec-resonateur	Marimba ADAMS MAAP50 Artist Robert Van Sice5 octaves do2-do7, Clavier Padouk - Marimbas - Instruments de percussion
10234	VIB 30MUM55+OPU	vibraphones	vibraphone-musser-m55-pro-vibe-2-etuis-rs-valise-explorer	Vibraphone MUSSER M55 Pro-⁠Vibe avec moteur3 octaves fa3-fa6, clavier argenté+ 2 étuis composite R&S + 1 valise Explorer® - Vibraphones - Instruments de percussion
10257	CLT DC90+FC	cloches-tubes	cloches-tubes-deagan-symphonic-1-octave-1-2-flight-case	Cloches-tubes Deagan Symphonic + Flight-case - Cloches-tubes - Instruments de percussion
10880	MAR 43ADM200	marimbas	marimba-adams-4-octaves-padouk	Marimba ADAMS MSPV43 Solist Voyager4 octaves 1/3 la2-do7, Clavier Padouk (ancien modèle) - Marimbas - Instruments de percussion
10881	MAR 43ADM100	marimbas	marimba-adams-4-octaves-palissandre	Marimba ADAMS MSHV43 Solist Voyager4 octaves 1/3 la2-do7, Clavier Palissandre du Honduras (destockage) - Marimbas - Instruments de percussion
10882	XYL 40ADX200	xylophones	xylophone-adams-4-octaves-rosewood	Xylophone ADAMS 4 octaves, 4 octaves, do4-do8 Clavier Light rosewood - Xylophones - Instruments de percussion
10883	XYL 40ADX100	xylophones	xylophone-adams-4-octaves-palissandre	Xylophone ADAMS Solist Voyager 4 octaves do4-do8, Clavier Palissandre du Honduras (ancien modèle) - Xylophones - Instruments de percussion
10884	CLT 20ST	cloches-tubes	cloches-tubes-adams-laiton-chrome-1-octave	Cloches-tubes ADAMS laiton chromé - Cloches-tubes - Instruments de percussion
10885	VIB 31AD100	vibraphones	vibraphone-adams-3-octaves-moteur	Vibraphone ADAMS Solist 3.1 octaves fa3-fa6clavier argenté avec moteur (ancien modèle) - Vibraphones - Instruments de percussion
10944	VIB 30YA3710B	vibraphones	vibraphone-yamaha-3710-3-octaves-clavier-dore-brillant	Vibraphone YAMAHA  avec moteur3 octaves fa3-fa6, clavier doré brillant - Vibraphones - Instruments de percussion
10949	XYL 40ADAAH	xylophones	xylophone-adams-artist-alpha-4-octaves	Xylophone ADAMS Artist Alpha 4 octaves, do4-do8 Clavier Palissandre du Honduras - Xylophones - Instruments de percussion
10972	CEL YACEL56P	glockenspiels	yamaha-cel-56p-glockenspiel-clavier-4-octaves-1-2	Glockenspiel à clavier YAMAHA CEL-56P, 4 octaves 1/2 Do4-Sol8 - Glockenspiels - Instruments de percussion
11024	VIB 35ADLTS	vibraphones	vibraphone-adams-artist-alpha-3-octaves-1-2-clavier-argente	Vibraphone ADAMS Artist Alpha 3 octaves 1/2 do3-fa6Clavier argenté avec moteur (ancien modèle) - Vibraphones - Instruments de percussion
11056	VIB 30ADLTG	vibraphones	vibraphone-adams-vaat30-artist-alpha-traveler-version-3-octaves-clavier-dore	Vibraphone ADAMS VAAT30 Artist Alpha TRAVELER VERSION 3 octaves fa3-fa6Clavier doré avec moteur (ancien modèle) - Vibraphones - Instruments de percussion
11755	MAR 45CO8001G	marimbas	marimba-concorde-8001-ga-4-octaves-1-2	Marimba CONCORDE M8001 GA4 octaves 1/2 fa2-do7, Clavier Palissandre du Honduras - Marimbas - Instruments de percussion
11756	XYL 35CO8001G	xylophones	xylophone-concorde-8001-ga-3-octaves-1-2	Xylophone CONCORDE  3 octaves 1/2 fa4-do8, Clavier Palissandre du Honduras - Xylophones - Instruments de percussion
11757	XYL 35CO6001G	xylophones	xylophone-concorde-6001-ga-3-octaves-1-2	Xylophone CONCORDE  3 octaves 1/2 fa4-do8, Clavier Palissandre du Honduras - Xylophones - Instruments de percussion
11758	VIB 30CO2000G	vibraphones	vibraphone-concorde-v2000-3-octaves-clavier-dore	Vibraphone CONCORDE  avec moteur 3 octaves fa3-fa6, clavier doré - Vibraphones - Instruments de percussion
11856	MAR 43ADM100+P	marimbas	marimba-adams-palissandre-honduras-4-octaves-1-3-pupitre-manhasset-symphony-48	Marimba ADAMS 4 octaves 1/3, la2-do7 Clavier Palissandre du Honduras + Pupitre OFFERT - Marimbas - Instruments de percussion
11857		marimbas	marimba-adams-3-octaves-1-3-padouk-pupitre-manhasset-symphony-48	
11858	XYL 40ADX100+P	xylophones	xylophone-adams-4-octaves-pupitre-manhasset-symphony-48	Xylophone ADAMS 4 octaves Palissandre du Honduras + Pupitre OFFERT - Xylophones - Instruments de percussion
11859	XYL 35ADX100+P	xylophones	xylophone-adams-3-octaves-1-2-light-rosewood-pupitre-manhasset-symphony-48	Xylophone ADAMS 3 octaves 1/2 Light rosewood + Pupitre OFFERT - Xylophones - Instruments de percussion
11860		vibraphones	vibraphone-adams-3-octaves-clavier-argente-pupitre-manhasset-symphony-48	
11940	GLO 26ADCOR	glockenspiels	glockenspiel-adams-2ksc2std26-concert-2-6-octaves	Glockenspiel valise ADAMS GD26, 2,6 octaves Fa5-Do8 - Glockenspiels - Instruments de percussion
11986	VIB 40ADLTG	vibraphones	vibraphone-adams-vaat40-artist-modele-alpha-4-octaves-clavier-dore-mate	Vibraphone ADAMS VAAT40 ARTIST MODELE ALPHA (ancien modèle) - Vibraphones - Instruments de percussion
12167	MAR 43CO6001DX	marimbas	marimba-concorde-m6001-dx-4-octaves-1-3	Marimba CONCORDE M6001 DX4 octaves 1/3 la2-do7, Clavier Palissandre du Honduras - Marimbas - Instruments de percussion
12300	MAR 50MO9306	marimbas	marimba-marimba-one-serie-3100-5-octaves-brasso-premium	Marimba MARIMBA ONE #9306 SERIE 31005 octaves do2-do7, Clavier Palissandre du Honduras Premium - Marimbas - Instruments de percussion
12393		marimbas	marimba-marimba-one-solist-5-octaves-brasso-premium	
12394	MAR 50MO9601	marimbas	marimba-marimba-one-wave-5-octaves-classic-trad	Marimba MARIMBA ONE #9601 SERIE WAVE5 octaves do2-do7, Clavier Palissandre du Honduras Traditionnel - Marimbas - Instruments de percussion
12396	VIB 30MO9001	vibraphones	vibraphone-marimba-one-one-vibe-3-octaves-clavier-argente	Vibraphone MARIMBA ONE #9001 One Vibe™ avec moteur3 octaves la2-do7, clavier argenté - Vibraphones - Instruments de percussion
12397	VIB 30MO9002	vibraphones	vibraphone-marimba-one-one-vibe-3-octaves-clavier-dore	Vibraphone MARIMBA ONE #9002 One Vibe™ avec moteur3 octaves la2-do7, clavier doré - Vibraphones - Instruments de percussion
12398	XYL 40MO9712	xylophones	xylophone-marimba-one-4-octaves	Xylophone MARIMBA ONE Concert 4 octaves fa4-do8, Clavier Palissandre du Honduras Enhanced - Xylophones - Instruments de percussion
12473		vibraphones	vibraphone-yamaha-2030-3-octaves-clavier-argente	
12537		vibraphones	vibraphone-adams-fcwv30-concert-3-octaves-clavier-argente	
12566		xylophones	xylophone-adams-xc2hv40-concert-voyager-4-octaves	
12567	DM XYL40ADAAH	xylophones	xylophone-adams-aha40-artist-alpha-4-octaves	Xylophone ADAMS Artist Alpha 4 octaves, do4-do8Clavier Palissandre du Honduras (demo) - Xylophones - Instruments de percussion
12568	DM MAR46ADAHV2	marimbas	marimba-adams-mahv46-artist-robert-van-sice-4-octaves-2-3	Marimba ADAMS Artist Robert Van Sice - Marimbas - Instruments de percussion
12569	DM CLT3005	cloches-tubes	cloches-tubes-adams-bk3216-symphonic-laiton-chrome-1-octave-2-3	Cloches-tubes ADAMS Symphonic laiton chromé - Cloches-tubes - Instruments de percussion
12666	VIB 30MO9003LE	vibraphones	vibraphone-marimba-one-9003-one-vibe-limited-edition-3-octaves-clavier-noir	Vibraphone MARIMBA ONE #9003 One Vibe™ Limited Edition 100ème Anniversaire avec moteur (ancien modèle) - Vibraphones - Instruments de percussion
12718	XYL 40ADAAHA	xylophones	xylophone-adams-aha40-artist-alpha-apex-4-octaves	Xylophone ADAMS Alpha APEX 4 octaves do4-do8, Clavier Palissandre du Honduras - Xylophones - Instruments de percussion
12733	XYL 35ADSLA3	xylophones	xylophone-adams-xs2lv35-solist-apex-3-octaves-1-2	Xylophone ADAMS Solist APEX 3 octaves 1/2 fa4-do8, Clavier Light rosewood - Xylophones - Instruments de percussion
12771	XYL 40ADXCHA	xylophones	xylophone-adams-xc2hv40-concert-apex-4-octaves	Xylophone ADAMS Concert APEX 4 octaves do4-do8, Clavier Palissandre du Honduras - Xylophones - Instruments de percussion
12782	XYL 35ADXKA3	xylophones	xylophone-adams-xs2ka35-solist-3-octaves-1-2	Xylophone ADAMS Solist APEX 3 octaves 1/2 fa4-do8, Clavier Synthétique Zelon - Xylophones - Instruments de percussion
12783	XYL 35ADXSHA	xylophones	xylophone-adams-xs2ha35-solist-3-octaves-1-2	Xylophone ADAMS Solist APEX 3 octaves 1/2 fa4-do8, Clavier Palissandre du Honduras - Xylophones - Instruments de percussion
12784	XYL 40ADXSHA	xylophones	xylophone-adams-xs2ha40-solist-4-octaves	Xylophone ADAMS Solist APEX 4 octaves do4-do8, Clavier Palissandre du Honduras - Xylophones - Instruments de percussion
12786	XYL 40ADXSLA4	xylophones	xylophone-adams-xs2la40-solist-4-octaves	Xylophone ADAMS Solist APEX 4 octaves do4-do8, Clavier Light rosewood - Xylophones - Instruments de percussion
12787	MAR 43ADMSPA	marimbas	marimba-adams-mspa43-solist-4-octaves-1-3	Marimba ADAMS MSPA43 Solist APEX4 octaves 1/3 la2-do7, Clavier Padouk - Marimbas - Instruments de percussion
12788		marimbas	marimba-adams-msha43-solist-4-octaves-1-3	
12789	MAR 43ADMCHA	marimbas	marimba-adams-mcha43-concert-4-octaves-1-3	Marimba ADAMS MCHA43 Concert APEX4 octaves 1/3 la2-do7, Clavier Palissandre du Honduras - Marimbas - Instruments de percussion
12790	MAR 43ADMCKA	marimbas	marimba-adams-mcka43-concert-4-octaves-1-3	Marimba ADAMS MCKA43 Concert APEX4 octaves 1/3 la2-do7, Clavier Composite - Marimbas - Instruments de percussion
12791	MAR 43ADMCPA	marimbas	marimba-adams-mcpa43-concert-4-octaves-1-3	Marimba ADAMS MCPA43 Concert APEX4 octaves 1/3 la2-do7, Clavier Padouk - Marimbas - Instruments de percussion
12792	MAR 43ADAHAA	marimbas	marimba-adams-maha43-artist-alpha-apex-4-octaves-1-3	Marimba ADAMS MAHA43 Artist Alpha APEX4 octaves 1/3 la2-do7, Clavier Palissandre du Honduras - Marimbas - Instruments de percussion
12793	MAR 50ADAHAA	marimbas	marimba-adams-maha50-artist-alpha-5-octaves	Marimba ADAMS MAHA50 Artist Alpha APEX5 octaves do2-do7, Clavier Palissandre du Honduras finition naturel - Marimbas - Instruments de percussion
12794	VIB 31ADSASSM	vibraphones	vibraphone-adams-vsna31s-solist-moteur-3-1-octaves-clavier-argente	Vibraphone ADAMS Solist APEX sans moteur3.1 octaves mi3-fa6, clavier argenté - Vibraphones - Instruments de percussion
12795	VIB 31ADSAS	vibraphones	vibraphone-adams-vswa31s-solist-moteur-3-1-octaves-clavier-argente	Vibraphone ADAMS Solist APEX avec moteur3.1 octaves mi3-fa6, clavier argenté - Vibraphones - Instruments de percussion
12796	VIB 30ADCASSM	vibraphones	vibraphone-adams-vcwa30s-artist-3-octaves-clavier-argente	Vibraphone ADAMS Concert APEX sans moteur3 octaves fa3-fa6, clavier argenté - Vibraphones - Instruments de percussion
12797	VIB 30ADCAG	vibraphones	vibraphone-adams-vcwa30g-artist-3-octaves-clavier-dore	Vibraphone ADAMS Concert APEX avec moteur3 octaves fa3-fa6, clavier doré - Vibraphones - Instruments de percussion
12798	VIB 30ADCAS	vibraphones	vibraphone-adams-vcwa30s-artist-3-octaves-clavier-argente	Vibraphone ADAMS Concert APEX avec moteur3 octaves fa3-fa6, clavier argenté - Vibraphones - Instruments de percussion
12799	VIB 30ADAAG	vibraphones	vibraphone-adams-vawa30g-artist-alpha-3-octaves-clavier-dore	Vibraphone ADAMS Artist Alpha APEX avec moteur, 3 octaves Fa3-Fa6, clavier doré - Vibraphones - Instruments de percussion
12800	VIB 30ADAAS	vibraphones	vibraphone-adams-vawa30s-artist-alpha-3-octaves-clavier-argente	Vibraphone ADAMS Artist Alpha APEX avec moteur, 3 octaves Fa3-Fa6, clavier argenté - Vibraphones - Instruments de percussion
12801	VIB 35ADAAS	vibraphones	vibraphone-adams-vaat35-vawa35s-artist-alpha-3-octaves-1-2-clavier-argente	Vibraphone ADAMS Artist Alpha APEX avec moteur, 3 octaves 1/2 Do3-Fa6, clavier argenté - Vibraphones - Instruments de percussion
12802	VIB 40ADAAG	vibraphones	vibraphone-adams-vawa40g-4-octaves-clavier-dore	Vibraphone ADAMS Artist Alpha APEX avec moteur4 octaves do3-fa6, clavier doré - Vibraphones - Instruments de percussion
12812	VIB 40ADAAS	vibraphones	vibraphone-adams-vawa40s-4-octaves-clavier-argente	Vibraphone ADAMS Artist Alpha APEX avec moteur4 octaves do3-fa6, clavier argenté - Vibraphones - Instruments de percussion
12813	VIB 35ADAAG	vibraphones	vibraphone-adams-vaat35-vawa35g-artist-alpha-3-octaves-1-2-clavier-dore	Vibraphone ADAMS Artist Alpha APEX avec moteur, 3 octaves 1/2 Do3-Fa6, clavier doré - Vibraphones - Instruments de percussion
12938	VIB 30YA3030SM	vibraphones	vibraphone-yamaha-3030ms-3-octaves-clavier-argente	Vibraphone YAMAHA  sans moteur3 octaves fa3-fa6, clavier argenté - Vibraphones - Instruments de percussion
13132	CLT Y7018	cloches-tubes	cloches-tubes-yamaha-ch7018-laiton-finition-clear-lacquer-coating-1-octave-1-2	Cloches-tubes YAMAHA CH7018 laiton finition clear lacquer coating - Cloches-tubes - Instruments de percussion
13175	XYL 40ADXSKA	xylophones	xylophone-adams-xs2ka40-solist-4-octaves	Xylophone ADAMS XS2KA40 Solist 4 octaves do4-do8, Clavier Synthétique Zelon - Xylophones - Instruments de percussion
13177	XYL 35RS0500	xylophones	xylophone-etude-adams-3-octaves-1-2	Xylophone d'étude d'étude ADAMS 3 octaves 1/2 Synthétique Zelon avec pied réglable - Xylophones - Instruments de percussion
13703	LO XYL40CO8002G	xylophones	xylophone-4-octaves-concorde-x8002-ga	Xylophone CONCORDE X8002 GA 4 octaves do4-do8, Clavier Palissandre du Honduras (démonstration) - Xylophones - Instruments de percussion
13824	GLO 33ADAL33	glockenspiels	adams-gaa33-glockenspiel-pedale-3-octaves-1-3	Glockenspiel à pédale ADAMS GAA33, 3 octaves 1/3 Do5-Mi8 - Glockenspiels - Instruments de percussion
14125	VIB 30YA3030-J3	vibraphones	vibraphone-3-octaves-yamaha-3030ms-clavier-argente-moteur-et-transformateur	Vibraphone YAMAHA  3 octaves fa3-fa6, clavier argenté, avec moteur et transformateur - Vibraphones - Instruments de percussion
14265	MAR 50CO7000+ET	marimbas	concorde-m7000-marimba-5-octaves-etui	Marimba CONCORDE M70005 octaves do2-do7, Clavier Palissandre du Honduras avec sacs de transport - Marimbas - Instruments de percussion
14320	MAR 50CO2023RP	marimbas	concorde-m2023rp-marimba-5-octaves	Marimba CONCORDE M2023RP5 octaves do2-do7 - Marimbas - Instruments de percussion
14736	MAR 50CO2350R	marimbas	concorde-m2350r-marimba-5-octaves	Marimba CONCORDE M2350R5 octaves do2-do7, Clavier Palissandre du Honduras - Marimbas - Instruments de percussion
14899	MAR 50ADOHAA	marimbas	adams-moha50-marimba-onyx-5-octaves	Marimba ADAMS MOHA50 ONYX5 octaves do2-do7, Clavier Palissandre du Honduras finition naturel - Marimbas - Instruments de percussion
14901	VIB 30ADNWG	vibraphones	adams-vnw30g-vibraphone-nomad-3-octaves-clavier-dore	Vibraphone ADAMS Nomad VNW30G avec moteur3 octaves fa3-fa6, clavier doré - Vibraphones - Instruments de percussion
14902	VIB 30ADNWS	vibraphones	adams-vnw30s-vibraphone-nomad-3-octaves-clavier-argente	Vibraphone ADAMS Nomad VNW30S avec moteur3 octaves fa3-fa6, clavier argenté - Vibraphones - Instruments de percussion
12396	VIB 30MO9001	vibraphones	vibraphone-marimba-one-one-vibe-3-octaves-clavier-argente	Vibraphone MARIMBA ONE #9001 One Vibe™ avec moteur3 octaves la2-do7, clavier argenté - Vibraphones - Instruments de percussion
12397	VIB 30MO9002	vibraphones	vibraphone-marimba-one-one-vibe-3-octaves-clavier-dore	Vibraphone MARIMBA ONE #9002 One Vibe™ avec moteur3 octaves la2-do7, clavier doré - Vibraphones - Instruments de percussion
12398	XYL 40MO9712	xylophones	xylophone-marimba-one-4-octaves	Xylophone MARIMBA ONE Concert 4 octaves fa4-do8, Clavier Palissandre du Honduras Enhanced - Xylophones - Instruments de percussion
12473	VIB 30YA2030SM	vibraphones	vibraphone-yamaha-2030-3-octaves-clavier-argente	Vibraphone YAMAHA 3 octaves fa3-fa6, clavier argenté - Vibraphones - Instruments de percussion
12537	LO VIBADCVS	vibraphones	vibraphone-adams-fcwv30-concert-3-octaves-clavier-argente	Vibraphone ADAMS FCWV30 Concert 3 octaves fa3-fa6Clavier argenté (ancien modèle) avec moteur - Vibraphones - Instruments de percussion
12566	DM XYL40ADXCHV	xylophones	xylophone-adams-xc2hv40-concert-voyager-4-octaves	Xylophone ADAMS Concert Voyager 4 octaves, do4-do8 Clavier Palissandre du Honduras (demo) - Xylophones - Instruments de percussion
12567	DM XYL40ADAAH	xylophones	xylophone-adams-aha40-artist-alpha-4-octaves	Xylophone ADAMS Artist Alpha 4 octaves, do4-do8Clavier Palissandre du Honduras (demo) - Xylophones - Instruments de percussion
12568	DM MAR46ADAHV2	marimbas	marimba-adams-mahv46-artist-robert-van-sice-4-octaves-2-3	Marimba ADAMS Artist Robert Van Sice - Marimbas - Instruments de percussion
12569	DM CLT3005	cloches-tubes	cloches-tubes-adams-bk3216-symphonic-laiton-chrome-1-octave-2-3	Cloches-tubes ADAMS Symphonic laiton chromé - Cloches-tubes - Instruments de percussion
12666	VIB 30MO9003LE	vibraphones	vibraphone-marimba-one-9003-one-vibe-limited-edition-3-octaves-clavier-noir	Vibraphone MARIMBA ONE #9003 One Vibe™ Limited Edition 100ème Anniversaire avec moteur (ancien modèle) - Vibraphones - Instruments de percussion
12718	XYL 40ADAAHA	xylophones	xylophone-adams-aha40-artist-alpha-apex-4-octaves	Xylophone ADAMS Alpha APEX 4 octaves do4-do8, Clavier Palissandre du Honduras - Xylophones - Instruments de percussion
12733	XYL 35ADSLA3	xylophones	xylophone-adams-xs2lv35-solist-apex-3-octaves-1-2	Xylophone ADAMS Solist APEX 3 octaves 1/2 fa4-do8, Clavier Light rosewood - Xylophones - Instruments de percussion
12771	XYL 40ADXCHA	xylophones	xylophone-adams-xc2hv40-concert-apex-4-octaves	Xylophone ADAMS Concert APEX 4 octaves do4-do8, Clavier Palissandre du Honduras - Xylophones - Instruments de percussion
12782	XYL 35ADXKA3	xylophones	xylophone-adams-xs2ka35-solist-3-octaves-1-2	Xylophone ADAMS Solist APEX 3 octaves 1/2 fa4-do8, Clavier Synthétique Zelon - Xylophones - Instruments de percussion
12783	XYL 35ADXSHA	xylophones	xylophone-adams-xs2ha35-solist-3-octaves-1-2	Xylophone ADAMS Solist APEX 3 octaves 1/2 fa4-do8, Clavier Palissandre du Honduras - Xylophones - Instruments de percussion
12784	XYL 40ADXSHA	xylophones	xylophone-adams-xs2ha40-solist-4-octaves	Xylophone ADAMS Solist APEX 4 octaves do4-do8, Clavier Palissandre du Honduras - Xylophones - Instruments de percussion
12786	XYL 40ADXSLA4	xylophones	xylophone-adams-xs2la40-solist-4-octaves	Xylophone ADAMS Solist APEX 4 octaves do4-do8, Clavier Light rosewood - Xylophones - Instruments de percussion
12787	MAR 43ADMSPA	marimbas	marimba-adams-mspa43-solist-4-octaves-1-3	Marimba ADAMS MSPA43 Solist APEX4 octaves 1/3 la2-do7, Clavier Padouk - Marimbas - Instruments de percussion
12788	MAR 43ADMSHA	marimbas	marimba-adams-msha43-solist-4-octaves-1-3	Marimba ADAMS MSHA43 Solist APEX4 octaves 1/3 la2-do7, Clavier Palissandre du Honduras - Marimbas - Instruments de percussion
12789	MAR 43ADMCHA	marimbas	marimba-adams-mcha43-concert-4-octaves-1-3	Marimba ADAMS MCHA43 Concert APEX4 octaves 1/3 la2-do7, Clavier Palissandre du Honduras - Marimbas - Instruments de percussion
12790	MAR 43ADMCKA	marimbas	marimba-adams-mcka43-concert-4-octaves-1-3	Marimba ADAMS MCKA43 Concert APEX4 octaves 1/3 la2-do7, Clavier Composite - Marimbas - Instruments de percussion
12791	MAR 43ADMCPA	marimbas	marimba-adams-mcpa43-concert-4-octaves-1-3	Marimba ADAMS MCPA43 Concert APEX4 octaves 1/3 la2-do7, Clavier Padouk - Marimbas - Instruments de percussion
12792	MAR 43ADAHAA	marimbas	marimba-adams-maha43-artist-alpha-apex-4-octaves-1-3	Marimba ADAMS MAHA43 Artist Alpha APEX4 octaves 1/3 la2-do7, Clavier Palissandre du Honduras - Marimbas - Instruments de percussion
12793	MAR 50ADAHAA	marimbas	marimba-adams-maha50-artist-alpha-5-octaves	Marimba ADAMS MAHA50 Artist Alpha APEX5 octaves do2-do7, Clavier Palissandre du Honduras finition naturel - Marimbas - Instruments de percussion
12794	VIB 31ADSASSM	vibraphones	vibraphone-adams-vsna31s-solist-moteur-3-1-octaves-clavier-argente	Vibraphone ADAMS Solist APEX sans moteur3.1 octaves mi3-fa6, clavier argenté - Vibraphones - Instruments de percussion
12795	VIB 31ADSAS	vibraphones	vibraphone-adams-vswa31s-solist-moteur-3-1-octaves-clavier-argente	Vibraphone ADAMS Solist APEX avec moteur3.1 octaves mi3-fa6, clavier argenté - Vibraphones - Instruments de percussion
12796	VIB 30ADCASSM	vibraphones	vibraphone-adams-vcwa30s-artist-3-octaves-clavier-argente	Vibraphone ADAMS Concert APEX sans moteur3 octaves fa3-fa6, clavier argenté - Vibraphones - Instruments de percussion
12797	VIB 30ADCAG	vibraphones	vibraphone-adams-vcwa30g-artist-3-octaves-clavier-dore	Vibraphone ADAMS Concert APEX avec moteur3 octaves fa3-fa6, clavier doré - Vibraphones - Instruments de percussion
12798	VIB 30ADCAS	vibraphones	vibraphone-adams-vcwa30s-artist-3-octaves-clavier-argente	Vibraphone ADAMS Concert APEX avec moteur3 octaves fa3-fa6, clavier argenté - Vibraphones - Instruments de percussion
12799	VIB 30ADAAG	vibraphones	vibraphone-adams-vawa30g-artist-alpha-3-octaves-clavier-dore	Vibraphone ADAMS Artist Alpha APEX avec moteur, 3 octaves Fa3-Fa6, clavier doré - Vibraphones - Instruments de percussion
12800	VIB 30ADAAS	vibraphones	vibraphone-adams-vawa30s-artist-alpha-3-octaves-clavier-argente	Vibraphone ADAMS Artist Alpha APEX avec moteur, 3 octaves Fa3-Fa6, clavier argenté - Vibraphones - Instruments de percussion
12801	VIB 35ADAAS	vibraphones	vibraphone-adams-vaat35-vawa35s-artist-alpha-3-octaves-1-2-clavier-argente	Vibraphone ADAMS Artist Alpha APEX avec moteur, 3 octaves 1/2 Do3-Fa6, clavier argenté - Vibraphones - Instruments de percussion
12802	VIB 40ADAAG	vibraphones	vibraphone-adams-vawa40g-4-octaves-clavier-dore	Vibraphone ADAMS Artist Alpha APEX avec moteur4 octaves do3-fa6, clavier doré - Vibraphones - Instruments de percussion
12812	VIB 40ADAAS	vibraphones	vibraphone-adams-vawa40s-4-octaves-clavier-argente	Vibraphone ADAMS Artist Alpha APEX avec moteur4 octaves do3-fa6, clavier argenté - Vibraphones - Instruments de percussion
12813	VIB 35ADAAG	vibraphones	vibraphone-adams-vaat35-vawa35g-artist-alpha-3-octaves-1-2-clavier-dore	Vibraphone ADAMS Artist Alpha APEX avec moteur, 3 octaves 1/2 Do3-Fa6, clavier doré - Vibraphones - Instruments de percussion
12938	VIB 30YA3030SM	vibraphones	vibraphone-yamaha-3030ms-3-octaves-clavier-argente	Vibraphone YAMAHA  sans moteur3 octaves fa3-fa6, clavier argenté - Vibraphones - Instruments de percussion
13132	CLT Y7018	cloches-tubes	cloches-tubes-yamaha-ch7018-laiton-finition-clear-lacquer-coating-1-octave-1-2	Cloches-tubes YAMAHA CH7018 laiton finition clear lacquer coating - Cloches-tubes - Instruments de percussion
13175	XYL 40ADXSKA	xylophones	xylophone-adams-xs2ka40-solist-4-octaves	Xylophone ADAMS XS2KA40 Solist 4 octaves do4-do8, Clavier Synthétique Zelon - Xylophones - Instruments de percussion
13177	XYL 35RS0500	xylophones	xylophone-etude-adams-3-octaves-1-2	Xylophone d'étude d'étude ADAMS 3 octaves 1/2 Synthétique Zelon avec pied réglable - Xylophones - Instruments de percussion
